city_state,name,year,move_total_year,move_same_county,move_diff_county,move_diff_state,move_from_abroad,total_ed_attn_pop_25up,total_ed_attn_less_than_high,total_ed_attn_high,total_ed_attn_some_coll_assoc,total_ed_attn_bach,total_ed_attn_grad,diff_county_ed_attn_pop_25up,diff_county_ed_attn_less_than_high,diff_county_ed_attn_high,diff_county_ed_attn_some coll_assoc,diff_county_ed_attn_bach,diff_county_ed_attn_grad,diff_state_ed_attn_pop_25up,diff_state_ed_attn_less_than_high,diff_state_ed_attn_high,diff_state_ed_attn_some_coll_assoc,diff_state_ed_attn_bach,diff_state_ed_attn_grad,from_abroad_ed_attn_pop_25up,from_abroad_ed_attn_less_than_high,from_abroad_ed_attn_high,from_abroad_ed_some_coll_assoc,from_abroad_ed_bach,from_abroad_ed_grad
"Albuquerque city, New Mexico",Albuquerque,2010,540574,10.6,2,3.4,0.4,358566,44850,80825,118044,65147,49700,1.6,1.5,1.4,1.9,1.8,0.8,3.3,1.2,2.2,3.7,4.3,4.8,0.4,0.1,0,0.3,1.1,0.6
"Albuquerque city, New Mexico",Albuquerque,2011,544579,11,2.7,2.9,0.5,364719,39026,85725,119843,67830,52295,2.2,2.3,2.6,2.5,1.7,1.1,3,1.2,3,1.8,5.6,3.9,0.4,0.1,0.3,0.3,1.2,0.4
"Albuquerque city, New Mexico",Albuquerque,2012,548340,11.2,2.4,3,0.8,365790,39139,85304,117976,67920,55451,1.9,0.3,1.6,3.1,1.5,1.6,2.9,1.2,2.8,2.1,4.3,4.1,0.8,0.9,0.6,0.2,1.7,1.1
"Albuquerque city, New Mexico",Albuquerque,2013,549629,12.8,2,2.6,0.6,371166,40030,86473,117832,70648,56183,1.6,1.1,1.6,1.7,1.2,2.2,2.9,0.4,2.5,2.2,4.8,4.3,0.6,0.6,0.7,0.5,0.6,0.5
"Albuquerque city, New Mexico",Albuquerque,2014,550317,10.1,3.1,2.8,0.2,372538,39612,87608,120485,71335,53498,2.4,3.3,2.5,2.2,3,1.2,2.4,1.9,1.1,2.1,2.3,5.9,0.2,0.2,0.2,0.1,0.2,0.3
"Albuquerque city, New Mexico",Albuquerque,2015,552275,12.8,2.2,2.5,0.4,377467,47821,86470,120200,64583,58393,1.6,1.7,1.4,2,1.6,0.9,2.7,1.6,2.2,1.5,3.5,5.6,0.4,0,0.2,0.4,1.4,0.3
"Albuquerque city, New Mexico",Albuquerque,2016,553849,12.4,1.6,3.3,0.3,379819,37058,87511,122189,74672,58389,1.5,1.1,1.2,1.8,0.9,2.1,3.1,2.4,2.5,2.2,3.7,5.6,0.4,1.4,0.3,0.1,0.1,0.7
"Albuquerque city, New Mexico",Albuquerque,2017,551049,8.9,1.4,2.7,0.4,381067,33326,84838,124625,75457,62821,1.2,0.6,1.5,1.3,0.8,1.6,2.9,2.2,1.4,2.1,4.3,5.1,0.5,0.3,0.7,0.4,0.4,0.5
"Albuquerque city, New Mexico",Albuquerque,2018,553759,10,2.4,2.9,0.6,386553,39746,84883,121472,75436,65016,1.9,2.2,2,2.8,1.2,0.8,2.8,1.8,0.9,2.1,4.2,5.5,0.5,0,0.4,0.5,0.6,1
"Albuquerque city, New Mexico",Albuquerque,2019,553804,11.9,1.5,1.8,0.5,387982,41200,89396,116902,80519,59965,1.4,0.2,1.9,0.8,1.5,2.1,2.1,0.6,0.8,2.7,3.2,2.1,0.4,0.9,0.5,0.1,0.4,0.4
"Austin city, Texas",Austin,2010,782461,18.9,5.4,2.8,1.2,502032,72420,86897,123451,138296,80968,3.8,2.7,4.2,5.1,3.5,2.9,3.1,0.8,2.1,2.3,5.2,3.7,1.1,1.7,0.6,0.8,1.3,1
"Austin city, Texas",Austin,2011,809464,16.7,5.5,3.8,0.6,527089,73699,87132,131788,146033,88437,4.2,2.6,4,5.5,4.8,2.6,3.7,2.2,2.5,4.3,3.9,5,0.6,0.4,0.3,0.4,1,1
"Austin city, Texas",Austin,2012,831672,17,6.1,3.2,1.2,548469,72823,91797,134613,162033,87203,4.3,2.7,5.1,5.4,4.3,2.7,3.3,0.7,2,4,3.3,5.4,1,0.2,0.9,0.7,1.5,1.3
"Austin city, Texas",Austin,2013,874143,14,5.5,3.1,1.3,582889,72949,94275,143287,173932,98446,4.1,1.8,3.7,4.4,5.1,4,3,1.3,1.8,2.2,3.9,5,1.1,1.2,0.6,0.5,1.9,1.2
"Austin city, Texas",Austin,2014,900040,12.9,5.3,3.7,1.1,614340,71861,104189,145777,179703,112810,4.3,2.4,4.5,5.4,4.6,3.4,4,0.9,2.5,3.3,4.6,7.2,1,0.9,0.9,0.3,0.7,2.2
"Austin city, Texas",Austin,2015,919721,12,4.2,3.4,1.1,635470,75873,107110,145455,196563,110469,3.5,2.9,2.1,3.8,3.9,4.3,3.6,1.2,1.7,3.2,5.2,4.6,1.1,1.4,1.1,0.6,1.1,1.5
"Austin city, Texas",Austin,2016,934294,11.1,4.4,3.1,1.1,645013,69750,103224,154941,199978,117120,3.5,1.8,3.3,5.4,3.3,2.3,3,0.6,1.7,3.2,3.5,4.3,1.1,1.2,0.5,0.4,1.5,1.7
"Austin city, Texas",Austin,2017,938330,11.5,4.6,3.5,1.5,659652,65526,113134,144640,211554,124798,3.9,3.5,4.5,4.4,4.2,2.4,3.4,1.2,1,3,4.7,5.2,1.7,2.3,2.4,0.7,1.6,1.8
"Austin city, Texas",Austin,2018,953463,12.7,5.1,3.1,0.8,673498,68916,99953,140162,224466,140001,4,2.9,4.1,5.4,4,3,3.1,0.3,1.9,2.8,3.6,4.9,0.8,1,0.5,0,1,1.3
"Austin city, Texas",Austin,2019,967577,13.1,4.5,3.2,1.4,686879,68818,97804,142131,233048,145078,3.7,1.7,3.6,4.4,3.7,4.2,3.3,0.8,1.9,2.6,4.5,4,1.1,2.3,0.5,1.3,0.6,1.7
"Baltimore city, Maryland",Baltimore,2010,612017,11.5,2.6,2,0.5,409515,94798,120892,94646,54186,44993,2,1,1.6,2.1,4.9,2.1,1.9,1,1.2,1.2,3.4,5.4,0.5,0.2,0.1,0.2,1,1.8
"Baltimore city, Maryland",Baltimore,2011,610849,10.5,3.7,2.4,0.6,410163,80050,119931,97420,60927,51835,3.1,1.7,3.2,3.2,4.6,2.8,1.7,0.3,0.7,1.5,3.9,4.4,0.5,0.1,0.4,0.1,0.8,2.1
"Baltimore city, Maryland",Baltimore,2012,612602,11.1,3.1,2.2,0.6,413598,79830,121677,100826,59077,52188,2.9,2.2,3,3,3.1,3.1,1.9,0.4,0.8,1.2,3.1,6.7,0.6,1.3,0.3,0,0.5,1.2
"Baltimore city, Maryland",Baltimore,2013,612995,11.3,4.3,2.3,0.7,420247,76386,122048,101379,62996,57438,3.9,2.6,3.7,3.5,5.9,4.4,2,0.9,0.7,1.3,4.2,4.7,0.8,0.1,0.7,0.4,0.7,2.6
"Baltimore city, Maryland",Baltimore,2014,615275,10.9,3.2,2.3,0.7,423249,66212,133996,95956,65113,61972,2.9,2.1,1.8,3.1,4.9,3.9,2.1,0.8,1,1,4.5,5,0.6,1.4,0.1,0.2,0.8,1.5
"Baltimore city, Maryland",Baltimore,2015,613552,11.3,3.4,2.5,0.7,425261,65213,127213,105767,70616,56452,3.3,2.2,2.6,3.3,5.6,3.2,2.3,0.8,0.9,1.8,4.4,5.3,0.6,0.2,0.2,0.3,1.2,1.7
"Baltimore city, Maryland",Baltimore,2016,607542,10.4,4,2.3,0.7,422984,63396,125266,104018,69590,60714,3.6,2.4,3.1,4.6,5,2.9,2.2,0.3,1.3,1.4,4.2,4.7,0.7,0.8,0.4,0.7,0.8,1.3
"Baltimore city, Maryland",Baltimore,2017,603746,9,3,2.5,0.6,426682,66829,125049,104272,64146,66386,2.7,3.5,1.9,2.8,4,2.2,2.4,0.8,1.3,1.8,4.7,4.5,0.6,0.1,0.4,0.5,0.7,1.7
"Baltimore city, Maryland",Baltimore,2018,595926,9.3,3.7,2.4,0.8,421499,59624,123439,98809,69862,69765,3.4,1.6,2.3,3.5,6.4,3.8,2.1,0.3,1,1.2,4.8,4.3,0.6,0.8,0.3,0.6,1.1,0.7
"Baltimore city, Maryland",Baltimore,2019,586469,9.1,3.2,2.6,0.4,417550,59535,118267,100708,73630,65410,3,1.2,2.8,3.5,3.7,3.6,2.2,0.5,0.6,1.2,4.9,5.3,0.4,0.5,0.1,0.1,0.9,0.7
"Boston city, Massachusetts",Boston,2010,615629,12.2,4.5,5,1.9,396455,56250,94342,70044,97150,78669,4.2,2,4.1,4.7,5.1,4.4,2.3,1.1,0.6,1.1,4,4.2,1,1,1.1,0.4,1.1,1.2
"Boston city, Massachusetts",Boston,2011,618046,12,4.4,4.4,2.2,404910,64778,87950,79185,94793,78204,3.6,2,3.5,1.8,5.3,4.9,2.9,0.6,1.2,1.8,5.3,5.1,1.5,1.3,0.7,1.3,1.4,2.6
"Boston city, Massachusetts",Boston,2012,631408,10.3,4.2,4.5,2.1,415419,63231,93924,78289,98440,81535,3.4,2.6,1.5,2,6.4,4,3,0.5,1.1,2,5.1,5.6,1.5,2,1.2,0.8,1.7,1.8
"Boston city, Massachusetts",Boston,2013,638500,11.3,4.8,4.1,2,431928,62059,96239,78335,107436,87859,4.1,1.9,2.2,4.1,6.5,5,2.6,0.6,0.8,1.4,5,4.1,1.6,1.2,1.6,0.6,1.8,2.5
"Boston city, Massachusetts",Boston,2014,648438,9.7,3.6,4.4,2.2,444008,68077,90882,78535,113676,92838,3,1.5,1.9,2.2,4.3,4.4,3.1,0.3,1.1,1.8,4.9,6.1,1.9,2.5,0.6,1.2,2.7,2.4
"Boston city, Massachusetts",Boston,2015,661446,9.3,4.1,3.8,1.8,457625,64700,96392,83147,119227,94159,4,1.8,2.6,4.7,4.9,5.5,2.5,0,0.7,2.1,3.6,4.9,1.3,1.4,1.2,0.8,1.1,2.2
"Boston city, Massachusetts",Boston,2016,664168,10.8,4.2,4.4,2.3,463337,63863,95164,80099,126164,98047,3.9,2.6,2,3.1,5.2,5.7,3.5,0.4,0.9,1.2,5.6,6.9,1.5,0.9,1.1,1.3,2,1.9
"Boston city, Massachusetts",Boston,2017,676287,9,4.5,4.1,2.1,474814,57169,101571,86991,123194,105889,4.1,2.3,2,3.8,6.2,4.7,2.7,0.2,0.9,1.6,4.3,5.1,1.6,1.4,0.4,0.8,2.3,2.6
"Boston city, Massachusetts",Boston,2018,688679,7.9,4.2,4.8,2,482494,63007,83133,88185,132924,115245,4.3,2.2,2.7,3.2,6.6,4.8,3.8,0.3,1.3,2.1,5.1,7.1,1.5,1.7,0.4,0.5,2.1,2.1
"Boston city, Massachusetts",Boston,2019,687036,8.6,4.4,4,1.6,485350,55295,92791,86206,133267,117791,4.4,2.1,2.9,4.5,5.7,5.2,2.8,0.8,0.6,2.5,3.3,5.1,1.4,1.4,0.6,1.2,1.2,2.4
"Charlotte city, North Carolina",Charlotte,2010,725808,14.6,2.6,3.4,1.2,474405,63365,96727,130382,123096,60835,1.8,1.2,1.5,2.3,1.5,2.6,3.4,2.9,2.4,2.6,4.6,4.8,1,2,0.8,0.5,1,1.6
"Charlotte city, North Carolina",Charlotte,2011,741987,12.9,2.1,4.7,0.9,488643,54101,100036,138002,139005,57499,1.5,1.6,2.1,1.7,1.1,0.9,4.1,3.4,3.4,4.2,4,5.5,1,0.4,0.7,0.8,1,2.5
"Charlotte city, North Carolina",Charlotte,2012,762800,12.5,2.7,4.1,0.5,504174,56217,102858,141861,138305,64933,1.9,1.4,1.2,2.4,1.8,2.2,3.8,2.8,1.6,3.3,5.1,6.8,0.6,0,0.4,0.3,1.2,0.9
"Charlotte city, North Carolina",Charlotte,2013,784272,12.6,2.7,4.6,1,514849,63487,95370,144549,142662,68781,1.9,1.3,1.6,2,2.4,1.8,4.3,2.3,4.1,3.9,4.9,6.2,0.9,1.9,0.5,0.4,1.6,0.4
"Charlotte city, North Carolina",Charlotte,2014,798163,14.7,2.5,4.6,0.8,529869,62726,98677,149612,143897,74957,1.9,1.3,2,2.4,1.8,1.7,4.2,2.2,3.6,4,4.3,6.9,0.6,0.3,0.4,0.7,0.5,1.1
"Charlotte city, North Carolina",Charlotte,2015,815490,12.8,2.9,4.8,0.8,550245,65867,107800,146185,149307,81086,2.1,2.7,1.9,2.7,1.5,1.6,4.7,0.8,4,4,6.5,6.8,0.8,1.2,0.3,0.1,1.1,1.6
"Charlotte city, North Carolina",Charlotte,2016,830055,11.2,2.4,5,0.9,556496,59032,93336,158872,163897,81359,1.9,1.9,0.9,1.6,2.7,1.6,4.8,2.7,3.4,4.2,6.4,6.1,0.9,2.1,0.1,0.2,1.2,1.5
"Charlotte city, North Carolina",Charlotte,2017,849948,11.3,1.8,3.5,1.2,575876,58714,101485,156426,169861,89390,1.3,0.7,1,1.1,1.5,1.9,3.6,2.2,2.3,2.6,4.6,5.7,1,1.8,0.6,0.5,1.3,1.3
"Charlotte city, North Carolina",Charlotte,2018,862010,10.1,2.1,4.1,0.8,589220,64875,99112,164522,169840,90871,1.7,1.6,1.9,1.6,1.7,1.4,3.7,3.6,2.3,2.8,4.5,5.5,0.8,1.1,0.6,0.4,1.1,1.1
"Charlotte city, North Carolina",Charlotte,2019,872125,9,2.2,4.3,1.2,596804,63379,96261,169187,173703,94274,1.7,1.1,2.5,2,1.2,1.3,4.1,3.1,2.9,3.4,4.8,6,1.1,4.2,0.3,0.3,0.9,1.6
"Columbus city, Ohio",Columbus,2010,778002,17,4.2,1.7,0.7,495878,57700,137881,143386,105455,51456,2.9,2.1,3.2,2.5,3.7,2.8,1.6,1.6,0.8,2,1.9,2.1,0.7,1.6,0.5,0.3,1.2,0.9
"Columbus city, Ohio",Columbus,2011,786775,16.3,3.6,3,0.7,503468,61164,135353,149364,103974,53613,2.1,1.9,1.9,2.7,1.9,1.8,2.9,1.4,1.8,2.7,4.2,5.4,0.7,0.8,0.2,0.7,1,1.5
"Columbus city, Ohio",Columbus,2012,798718,13.9,4.3,3,0.9,521628,59415,133784,151178,116928,60323,2.8,1.7,2.9,2.6,4,1.5,2.8,3.3,1.2,2.1,4.1,4.9,0.8,0.7,1.1,0.7,1,0.5
"Columbus city, Ohio",Columbus,2013,809934,14.5,3.5,2.3,1.1,533530,64206,142517,147498,116958,62351,2.2,1.2,1.7,2.6,3,2,2.3,0.9,3,1.3,2.6,3.8,0.9,0.8,0.9,0.4,1.5,1.3
"Columbus city, Ohio",Columbus,2014,823548,15.7,4.3,3.5,0.8,545148,64737,133858,157382,122184,66987,2.9,2.8,2.6,3.2,3.4,2.4,3,2.4,1.9,3.2,3.4,4.4,0.8,1,0.4,0.3,1.5,1.2
"Columbus city, Ohio",Columbus,2015,836248,14.9,4,2.6,0.8,560012,61166,146968,157179,128302,66397,3.1,1.4,2.9,3.6,3.9,2.1,2.3,1.4,1.1,2.1,3.1,5.1,0.7,0.8,0.6,0.3,1.1,1.2
"Columbus city, Ohio",Columbus,2016,849806,15.2,3.6,2.5,1.1,568823,60912,151844,155552,132910,67605,2.7,2,2.2,3.2,3.4,2,2.5,1.9,2.2,1.8,3.5,3.4,0.8,0.8,0.1,0.2,1.2,3
"Columbus city, Ohio",Columbus,2017,868634,15.1,3.6,2.1,1.1,581506,61655,149158,166719,132067,71907,2.8,2.2,2.2,2.4,3.6,4.3,2,1.9,1.4,1.4,2.3,4.4,0.9,0.9,1,0.6,1.2,1
"Columbus city, Ohio",Columbus,2018,883234,14.4,3.2,2.7,0.9,593864,57454,151857,164237,140613,79703,2.4,0.9,1.3,2.8,3.1,3.4,2.5,1.1,1.7,1.4,3.7,4.9,0.6,2.4,0.2,0.5,0.3,1.1
"Columbus city, Ohio",Columbus,2019,887026,16.5,3.6,2,0.6,599181,57571,147131,159981,153591,80907,2.6,2.9,1.8,2.8,3.2,2.1,1.9,1.4,1.5,0.9,2.6,3.4,0.5,0.5,0.4,0.4,0.5,0.9
"Denver city, Colorado",Denver,2010,595003,12.4,6.4,4,0.7,412273,66986,81291,95460,104805,63731,5.4,3.6,3.8,7.8,6.5,3.7,3.7,1.3,1.9,3.9,6,4.6,0.6,0.3,0.1,0.3,0.9,1.2
"Denver city, Colorado",Denver,2011,610005,10.3,8.7,4,1.2,425038,60069,78750,103575,107566,75078,8,8.7,9.7,10.4,6.9,4,4,1.1,2.2,3.5,5.3,6.7,1.2,4.5,0.4,0.4,1.2,0.6
"Denver city, Colorado",Denver,2012,624608,10.3,7.6,4.4,0.8,437985,61383,78274,102752,121410,74166,6.6,7.1,6.4,7.1,7.1,4.9,4.3,0.8,2.5,2.9,6.6,7.4,0.8,0.4,0.7,0.4,1,1.3
"Denver city, Colorado",Denver,2013,639929,10.1,5.6,4,0.5,455345,62462,83826,107096,124123,77838,5.2,2.9,5.3,6.6,6.3,3.5,3.8,1,2.4,3.6,4.9,5.9,0.4,1.1,0.1,0.1,0.5,0.3
"Denver city, Colorado",Denver,2014,655069,11.3,7.6,4.2,1,467801,67691,82275,110805,125408,81622,6.9,5.5,7.7,8.7,6.8,5.3,4,0.4,1.9,4.3,5.9,5.5,0.9,0.7,0.9,0.4,1,1.6
"Denver city, Colorado",Denver,2015,672556,8.6,5.8,4.6,0.9,483833,68669,79629,107610,138565,89360,5.6,3.6,6.6,6.3,6.6,4.1,4.7,1.1,2.1,3.3,7.9,6.5,0.8,1.5,0.6,0.3,0.7,1.3
"Denver city, Colorado",Denver,2016,683757,8.7,7,4.6,0.5,494647,63487,89883,106830,143029,91418,6.2,5.5,6.5,7.4,6.6,4.7,4.6,1.2,2.8,4.1,6.8,6,0.4,0.4,0.1,0.4,0.8,0.4
"Denver city, Colorado",Denver,2017,697290,8.8,6.6,4.7,0.7,507664,58908,88357,109984,152830,97585,6.6,4.5,7.7,8.6,6.1,5.4,4.2,1.1,1.5,4.2,6.1,5.8,0.7,2.1,0.6,0.4,0.3,0.9
"Denver city, Colorado",Denver,2018,706987,7.6,5.8,4.9,1,519579,60687,78718,113392,162103,104679,5.5,3.8,6.6,8.5,5.1,3,4.9,2.4,2.3,3.9,7.1,6,0.9,0.9,0.7,1.3,0.6,1.2
"Denver city, Colorado",Denver,2019,719506,8.2,4.9,5.1,0.7,530543,46731,90398,111691,173093,108630,4,2.3,4.8,5.7,3.5,3.1,5.5,1.5,2.8,4.7,7.5,6.9,0.5,0.1,0.3,0.4,0.6,1
"Detroit city, Michigan",Detroit,2010,702073,14.3,1.9,0.6,0.2,442004,99961,145077,144017,31071,21878,1.7,0.7,2,2.3,0.6,1,0.5,0.6,0.3,0.7,0.3,0.8,0.2,0.3,0.2,0.1,0.5,0.5
"Detroit city, Michigan",Detroit,2011,696759,11.5,1.5,1,0.4,440519,99710,144873,138555,34881,22500,1.5,0.8,1.7,1.5,2.4,2.1,0.9,1.2,0.6,0.8,1.1,1.5,0.4,0.5,0.3,0.3,0.4,0.6
"Detroit city, Michigan",Detroit,2012,692752,13.2,1.7,0.9,0.5,436126,99578,140624,139154,33879,22891,1.3,1.2,0.9,1.3,1.5,3.3,0.8,0.7,0.6,0.5,1.7,2.4,0.4,0.6,0.2,0.1,1.8,0.6
"Detroit city, Michigan",Detroit,2013,679356,13.5,1.8,1,0.3,433725,93031,138848,145361,32984,23501,1.7,0.6,1.7,2.2,2.8,2.1,0.9,0.7,0.5,1,0.9,2.5,0.3,0.2,0.3,0.2,0.4,1.6
"Detroit city, Michigan",Detroit,2014,670586,13.3,2.4,0.9,0.3,430812,91002,144299,136121,35234,24156,2.2,1.5,1.8,2.7,3.9,1.9,0.8,0.7,0.6,0.5,2.2,2.6,0.2,0.2,0.2,0.1,0.5,0.9
"Detroit city, Michigan",Detroit,2015,668337,12,1.8,1,0.4,432410,88025,140428,142363,38959,22635,1.7,1.5,1,1.8,3.7,2.6,0.9,0.8,0.8,0.8,0.7,3.1,0.5,0.4,0.1,0.4,2,1.4
"Detroit city, Michigan",Detroit,2016,661751,12.1,2.5,1.2,0.4,429990,85966,138592,141528,38594,25310,2.2,1.8,1.6,2.4,4.4,3.3,0.9,0.7,0.5,0.9,2,1.9,0.5,0.6,0.1,0.5,0.8,1.3
"Detroit city, Michigan",Detroit,2017,664366,11.2,2.5,1.3,0.5,436996,81997,143189,148210,36605,26995,2.2,1.3,1.6,2.2,5.1,3.6,1.2,1,1.3,0.7,2,3.7,0.4,0.6,0.3,0.5,0.5,0.4
"Detroit city, Michigan",Detroit,2018,662750,8.4,2.2,1,0.2,438146,82967,143587,143842,38945,28805,1.9,1.7,1.4,1.8,3,3.8,0.9,0.3,0.6,0.8,2.1,2.2,0.2,0.3,0.1,0.1,0.1,0.2
"Detroit city, Michigan",Detroit,2019,661408,10.8,2.3,0.9,0.4,441647,72271,154232,141557,42762,30825,2,1.4,1.7,1.8,4.7,2.7,1,0.8,0.3,0.8,3.2,2.8,0.4,0.3,0.3,0.2,0.8,1.5
"El Paso city, Texas",El Paso,2010,644368,11.4,0.9,3.4,1.7,392821,96687,94892,116722,55926,28594,0.5,0.4,0.7,0.6,0.4,0.4,2.7,1.2,2.5,3.2,3.4,4.7,1.2,1.2,1.8,1,1,0.6
"El Paso city, Texas",El Paso,2011,657257,11.7,0.8,3.5,1.8,400297,94468,92598,123075,59770,30386,0.5,0.2,0.2,0.8,1.4,0,2.4,1.2,2.5,2.9,2.8,2.1,1.7,0.9,1.7,1.6,2.1,3.7
"El Paso city, Texas",El Paso,2012,662606,8.9,0.8,2.8,1.8,407712,91961,100010,122637,63261,29843,0.7,0.3,0.6,1,0.7,1.3,2.6,1.2,2.2,2.5,4.4,4.6,1.5,0.6,1.3,1.3,3.3,1.8
"El Paso city, Texas",El Paso,2013,664766,9.4,0.6,2.8,1,408361,92792,92989,129636,63381,29563,0.4,0.2,0.4,0.3,0.5,0.6,2.2,0.9,2,3.9,1.2,2.3,1.2,1.5,0.9,1,0.8,2.4
"El Paso city, Texas",El Paso,2014,668153,9.7,0.7,2.6,1.5,417772,90277,106166,123823,66255,31251,0.7,0.4,0.5,1,0.4,1.3,2.1,0.9,1.5,2.8,2.8,3.4,1.4,1,0.9,1.6,2.3,2
"El Paso city, Texas",El Paso,2015,671239,9.9,1.3,2.4,1.3,422146,86778,103757,128988,72986,29637,0.9,0.8,0.7,0.7,1.6,0.7,2.3,1.9,1.6,2.2,2.8,5.8,1.3,1.2,0.3,1.2,2.7,1.4
"El Paso city, Texas",El Paso,2016,670453,10.6,1.2,2.9,1.3,421634,89108,96772,135338,65948,34468,1.2,1.5,1.2,1.3,0.5,1.2,2.6,1.1,2.2,2.6,4.5,4,1.1,2.3,0.6,0.9,0.6,0.5
"El Paso city, Texas",El Paso,2017,672291,11.2,1.2,2.9,0.7,426729,85473,98978,136751,67258,38269,0.8,0.3,0.7,1,0.7,2,2.9,0.5,2.7,3,2.9,8.1,0.7,0.8,0.5,0.5,1.1,0.3
"El Paso city, Texas",El Paso,2018,672715,10.7,1.5,2.8,1,426268,85464,94680,137558,70224,38342,1.5,1.3,2.1,1.3,1,2.4,2.5,0.7,1.5,3.4,3.8,3.4,0.8,0.8,0.8,0.4,1.5,1.5
"El Paso city, Texas",El Paso,2019,672792,10.3,1,2.8,1.1,427304,80321,106802,136478,72042,31661,1,0.9,0.8,0.9,1.6,0.6,2.4,1.7,1.5,3.6,1.7,3.2,1.1,1.8,0.7,0.9,1.2,0.8
"Fort Worth city, Texas",Fort Worth,2010,733235,12.7,3.1,1.7,0.3,453331,91233,110732,133177,84043,34146,3.1,1.9,2.8,2.9,4.8,3,1.6,1.1,1.4,1.8,1.5,3.2,0.3,0.3,0.3,0.1,0.4,0.9
"Fort Worth city, Texas",Fort Worth,2011,749603,13.4,2.6,2,0.5,460103,93425,114010,132372,83579,36717,2.3,1.3,2.7,2.8,2.4,1.9,2,0.9,1.7,1.5,4.2,3,0.5,0.4,0.1,0.4,1.3,1
"Fort Worth city, Texas",Fort Worth,2012,771732,12,2.8,2.4,1.1,480968,100900,112652,143346,80742,43328,2.9,1.5,2,3.9,4.2,3,2.2,0.8,2.1,2.7,2.1,3.9,1,1.1,1.1,0.4,0.9,3.3
"Fort Worth city, Texas",Fort Worth,2013,782137,14,3,1.8,0.5,482793,92012,119444,135235,89983,46119,2.9,1.8,2.8,2.8,4.1,3.6,1.4,0.6,1.1,1.8,1.4,2.5,0.6,0.7,0.1,0.6,0.6,1.9
"Fort Worth city, Texas",Fort Worth,2014,798284,13.2,2.8,2.3,0.9,499987,94974,125488,147136,85907,46482,2.9,1.2,2,3.4,4.5,3.8,2.1,0.9,1.8,1.7,4,3.3,0.9,2,0.5,0.2,1.5,1
"Fort Worth city, Texas",Fort Worth,2015,823985,12,2.8,2,0.6,518807,98833,135055,143254,97306,44359,2.3,1.8,2,2.1,3.3,3.6,1.9,1.2,0.8,1.7,3.1,4.3,0.6,0.8,0.6,0.4,0.7,0.6
"Fort Worth city, Texas",Fort Worth,2016,840804,11,2.4,2.9,0.8,532081,96594,137766,150832,98504,48385,2.2,1.9,2.2,1.7,2.9,3.5,2.8,2.4,1.6,2.4,4.3,5.7,0.8,1.6,0.4,0.5,1.2,0.9
"Fort Worth city, Texas",Fort Worth,2017,861087,11.3,3.4,2,0.8,553149,104128,131116,153446,112924,51535,3.1,1.8,3,4.2,3,3.4,2,0.7,2.3,1.6,2.7,3.4,0.6,0.7,0.8,0.4,0.4,0.6
"Fort Worth city, Texas",Fort Worth,2018,885616,10.9,2.9,2.3,0.7,563965,101579,144623,150964,111790,55009,2.9,0.8,3.4,3.5,3.4,2.5,1.9,1.1,2,2.3,1.7,2.2,0.7,1,0.5,0.2,0.9,0.9
"Fort Worth city, Texas",Fort Worth,2019,900700,8.3,3,2.2,0.5,575184,97634,143183,154294,119492,60581,2.7,1,2.2,3.8,2.4,4.2,1.7,0.4,1.2,1.9,2.6,2.8,0.5,0.7,0.1,0.2,0.9,1
"Fresno city, California",Fresno,2010,488690,16.1,1.5,0.5,0.6,282811,71918,64246,89904,39264,17479,1.8,2.1,1.4,2.2,1.1,1.3,0.7,0.6,0.7,0.3,1.1,2,0.6,0.8,0.6,0.3,0.2,1.9
"Fresno city, California",Fresno,2011,493749,16.4,3.2,0.7,0.3,286544,73991,69875,87984,38663,16031,2.4,2,2.4,2.1,3.2,3.4,0.6,0.9,0.6,0.3,0.6,0.2,0.3,0.7,0,0.3,0.5,0.3
"Fresno city, California",Fresno,2012,497408,15.7,2.9,0.9,0.3,298332,75147,69496,95937,41018,16734,2.3,1.9,1.5,3,1.8,3.5,1.1,0.4,1.5,0.9,1,3.4,0.4,0.7,0.1,0.1,0.8,0.9
"Fresno city, California",Fresno,2013,502698,14.9,2.7,0.5,0.7,298171,71755,65325,99653,40246,21192,2.6,1.5,3.3,2.8,3,2,0.6,0.5,0.6,0.4,0.3,2.2,0.8,1.2,0.7,0.1,1.9,0.9
"Fresno city, California",Fresno,2014,508501,14.7,3,0.6,0.8,305625,77592,68392,96184,42850,20607,2.3,2.6,2.2,2.4,2.4,0.8,0.5,0,0.4,0.9,1.1,0,0.6,0.5,0.6,0.7,0.6,1.2
"Fresno city, California",Fresno,2015,510470,15.8,2.9,1,0.6,307534,75243,72889,99899,40962,18541,2.3,2.4,1.9,2.8,1.8,1.8,1.1,0.6,0.5,1.5,1.7,2.2,0.4,0.4,0.7,0,0.5,1.2
"Fresno city, California",Fresno,2016,511751,14.2,2.7,0.6,0.4,316019,75234,70301,102324,44280,23880,2.4,2.4,2.5,2.2,1.8,4.2,0.6,0.9,0.6,0.3,0.3,1.3,0.4,0.4,0.3,0.3,1,0.7
"Fresno city, California",Fresno,2017,520357,12.3,2,1,0.5,321638,73025,70106,110084,46184,22239,1.7,0.8,2.1,1.9,2.1,0.8,1.2,0.8,0.1,1.1,2.9,3.3,0.5,0.9,0,0.3,1,1.4
"Fresno city, California",Fresno,2018,522717,11.8,2.7,1,0.4,325838,69309,76112,105671,48011,26735,2.4,2.1,2.4,2.2,2,4.5,0.7,0.1,0.1,0.6,1.1,4,0.5,0.2,0.2,0.5,0.1,2.7
"Fresno city, California",Fresno,2019,525068,9.8,2.2,0.9,0.2,327864,74201,75199,107111,48846,22507,2.3,1.3,2,2.1,4,4.1,0.8,0,0.9,1.2,0.8,1.2,0.1,0,0.1,0.1,0.5,0.2
"Indianapolis city (balance), Indiana",Indianapolis,2010,812113,14.3,2.5,1.6,0.6,529770,85988,155934,146664,93322,47862,1.7,1.8,1.3,1.8,1.9,1.9,1.4,1.1,1,1.8,1.5,1.8,0.5,0.1,0.1,0.3,1.8,1
"Indianapolis city (balance), Indiana",Indianapolis,2011,812462,12.8,3.1,1.7,0.5,532817,82469,162634,150354,90635,46725,2.4,1.1,1.7,3.2,3.8,2.5,1.6,1.2,1.6,1.1,2.2,2.8,0.5,0.9,0.3,0.4,0.3,0.6
"Indianapolis city (balance), Indiana",Indianapolis,2012,821502,10.6,3.1,1.6,0.4,539686,83702,156268,146718,101379,51619,2.7,1.5,2.4,2.7,4,2.8,1.6,0.8,1,1.6,2.5,2.7,0.3,0.4,0.1,0.2,0.2,0.9
"Indianapolis city (balance), Indiana",Indianapolis,2013,826537,11.9,3.1,2.1,0.6,546975,81744,153464,159992,97553,54222,2.6,3.3,1.8,2.6,2.8,3.1,2,1.3,1.7,1.6,2.9,3,0.5,0.2,0.6,0.6,0.4,0.8
"Indianapolis city (balance), Indiana",Indianapolis,2014,839790,11.2,2.5,2,0.5,555346,83992,162108,149980,102755,56511,2.2,1.3,2.1,2.4,2.6,2.8,1.5,0.3,1.6,1.5,2,2.5,0.5,0.3,0.4,0.3,0.2,2
"Indianapolis city (balance), Indiana",Indianapolis,2015,837299,10.8,3.1,1.8,0.4,556012,84181,152990,155575,107336,55930,2.6,1.3,2.1,2.9,3.6,2.9,1.5,0.9,1.2,1.6,1.6,3.2,0.5,0,0.6,0.3,0.7,1
"Indianapolis city (balance), Indiana",Indianapolis,2016,840260,9.1,2.9,1.8,0.4,557949,72842,156942,160493,111125,56547,2.4,0.8,1.9,2.7,3.1,3.4,1.6,1.3,1.2,1.3,2.3,2.9,0.4,0.4,0.5,0.5,0.1,0.8
"Indianapolis city (balance), Indiana",Indianapolis,2017,847104,10.1,2.6,1.8,0.6,566821,87181,156287,141490,113365,68498,2.3,1.1,1.8,2.1,3.6,2.7,1.9,1,0.9,1.6,3.2,3.5,0.5,0.3,0.2,0.5,0.6,0.9
"Indianapolis city (balance), Indiana",Indianapolis,2018,852722,10.7,2.5,2.1,0.8,570145,80209,157843,152787,119101,60205,2,1.3,1.8,1.7,2.5,3.5,1.4,1.1,0.8,0.8,2.4,3.4,0.8,0.8,0.8,0.3,0.6,2.5
"Indianapolis city (balance), Indiana",Indianapolis,2019,858953,8.4,2.1,2.2,0.5,573197,76381,170600,149195,112551,64470,1.4,1.6,1.4,1.5,1.4,1.3,2.1,2.7,1.5,1.7,2.1,3.5,0.5,1.6,0.3,0.2,0.4,1
"Jacksonville city, Florida",Jacksonville,2010,812641,13.3,3.2,3.1,0.5,540786,66611,162155,183061,91783,37176,2,1.7,1.9,2.3,1.7,2.2,2.8,1.9,2.6,3.4,2.5,3,0.6,0.8,0.3,0.6,0.9,0.3
"Jacksonville city, Florida",Jacksonville,2011,816038,12.7,2.3,2.9,0.4,546183,67815,165484,179321,91676,41887,2,1.7,1.7,2.1,3.2,1,2.5,2.1,2.3,2.4,2.6,3.7,0.3,0.6,0.2,0.1,0.8,0.2
"Jacksonville city, Florida",Jacksonville,2012,825648,13,2.4,2.6,0.8,554106,70748,163024,178273,99994,42067,2,1.7,1.5,2.2,3.1,1.3,2.5,1.6,2.5,2.2,3.6,3,0.7,2.2,0.3,0.3,1.1,0.2
"Jacksonville city, Florida",Jacksonville,2013,830415,12.5,3.2,2.9,0.4,562191,61540,161770,188067,104486,46328,2.9,2.8,2.2,2.6,3.7,4.6,2.3,1.3,2.5,1.8,3.2,2.5,0.4,1,0.3,0.2,0.4,0.6
"Jacksonville city, Florida",Jacksonville,2014,840567,14.2,2.6,3.4,0.5,570520,64968,171680,191724,96204,45944,2.1,2.1,2.1,1.8,2.5,2.6,3.3,3.6,2.4,3.4,2.9,7.3,0.5,0.7,0.4,0.3,0.5,1.5
"Jacksonville city, Florida",Jacksonville,2015,856748,13.6,2.6,3.2,0.7,583153,67614,164747,189501,111030,50261,2.4,3,1.8,2.1,2,4.7,2.9,2.1,2,3.5,3.3,3.7,0.6,1,0.5,0.5,0.5,1
"Jacksonville city, Florida",Jacksonville,2016,867624,12.6,2.4,3.5,1.1,595236,69012,165594,194410,115064,51156,2,1.8,1.9,2,2.1,2.8,3.1,1.5,2,4.1,3.3,5.1,1,1.2,0.6,0.5,2.2,1.4
"Jacksonville city, Florida",Jacksonville,2017,878097,13.2,2.3,2.9,1,606913,62812,174377,198942,116687,54095,1.9,2.2,1.8,1.7,1.7,2.5,2.7,1.3,1.5,3.2,4,3.8,0.9,0.7,0.5,1.2,1.4,1
"Jacksonville city, Florida",Jacksonville,2018,892080,13,2.3,2.6,0.7,615715,64373,179735,193723,113392,64492,2.1,1.4,2.2,2.5,1.7,1.7,2.6,0.9,2.4,2.4,2.9,4.5,0.7,0.5,0.4,0.5,1,2
"Jacksonville city, Florida",Jacksonville,2019,899706,12,3.2,2.9,0.5,624232,62263,182477,197623,120333,61536,2.8,3.8,1.8,3.2,2.5,3.9,2.6,3.3,2.8,2.4,2,3.1,0.5,0.9,0.3,0.3,0.8,0.6
"Kansas City city, Missouri",Kansas City,2010,453777,11.3,3.5,4.3,0.3,302649,39372,78026,94906,55581,34764,2.7,2.2,2.8,1.9,4.6,2.2,4.5,1.5,4.2,5.7,5.2,4.3,0.4,1.2,0.2,0.3,0.4,0.3
"Kansas City city, Missouri",Kansas City,2011,456341,13.4,3.8,4.4,0.4,308335,41116,74696,93194,62863,36466,3.1,3,3.4,3.4,2.5,2.6,3.9,1.5,2.2,4.7,5.1,6,0.4,0.4,0.1,0,0.8,0.9
"Kansas City city, Missouri",Kansas City,2012,458373,11.1,3.2,3.8,0.4,306907,33864,84716,89521,62035,36771,3.2,3,2.8,3.5,4,2.1,3.3,3.5,2.1,2.6,4.4,5.9,0.5,0.2,0.4,0.7,0.6,0.6
"Kansas City city, Missouri",Kansas City,2013,459480,11.3,4.1,4.9,0.4,315053,36531,83135,96421,62290,36676,3.6,2.4,4.6,3.8,3.4,2,4.5,2.4,3.3,4.7,5.9,6.3,0.4,0.4,0.3,0.2,0.2,1.3
"Kansas City city, Missouri",Kansas City,2014,463890,10.9,3.3,3.9,0.5,314015,34339,86180,93975,61998,37523,2.8,3.2,1.4,3.5,3.1,3.9,3.4,1.8,2.3,3.3,5.3,4.2,0.3,1,0.2,0.2,0.3,0.6
"Kansas City city, Missouri",Kansas City,2015,469420,11,3.3,4.4,0.4,321405,36368,83734,94286,66465,40552,3,2.5,2.4,3,3.8,3.7,4.2,3.3,1.9,4.5,4.6,8.4,0.4,0.1,0.2,0.6,0.1,0.9
"Kansas City city, Missouri",Kansas City,2016,476199,9.8,3.6,4,0.5,324605,32397,84681,93403,73547,40577,3.1,2.5,2.3,2.7,4.9,3.1,4.1,0.8,3.2,5.1,4.7,5.3,0.4,0.7,0.1,0.1,0.9,0.7
"Kansas City city, Missouri",Kansas City,2017,481104,11.7,2.9,4.3,0.5,332935,36028,84658,97978,69206,45065,2.6,2.2,2,2.8,3,2.9,3.5,3.1,2.2,2.5,5.4,5.4,0.5,1.2,0.2,0.1,1.1,0.7
"Kansas City city, Missouri",Kansas City,2018,485511,8.4,3.2,4.2,0.2,334081,31875,81770,102416,75057,42963,2.3,1.2,2,2.3,3.1,2.6,3.5,1.7,2.5,3.1,5,5.5,0.2,0,0.1,0.1,0.5,0.1
"Kansas City city, Missouri",Kansas City,2019,489995,9.5,2.9,5.2,0.6,340306,29781,89858,97327,79700,43640,2.5,2,2.3,2.9,2.9,1.7,4.9,3.1,2.9,5.8,5.8,6.4,0.5,0.6,0.3,0.2,0.6,1.1
"Las Vegas city, Nevada",Las Vegas,2010,575534,19.7,0.3,3.5,0.9,388399,68973,117612,123027,52168,26619,0.2,0.3,0.2,0.2,0.3,0,3.4,2.9,2.7,3.7,4.2,4.3,0.8,0,0.8,1.3,0.3,1.5
"Las Vegas city, Nevada",Las Vegas,2011,582173,22.4,0.1,4.4,0.5,388384,67385,116780,119470,56766,27983,0.1,0.1,0.1,0.1,0.1,0,4.7,1.6,5.1,6,5.2,4.1,0.6,0.4,0.9,0.2,0.8,0.5
"Las Vegas city, Nevada",Las Vegas,2012,588099,18.9,0.2,4.4,0.7,397255,66210,114040,130584,55653,30768,0.3,0,0.4,0.5,0.1,0,4.4,2.5,4.2,4.5,5,7,0.7,0.6,0.2,0.7,1.7,1
"Las Vegas city, Nevada",Las Vegas,2013,597206,18,0.2,4.3,0.7,400684,68344,117030,129464,55750,30096,0.1,0,0.2,0,0,0.6,4.8,4.5,3.5,5.1,6.6,5.2,0.8,1,0.4,0.8,1.7,0.6
"Las Vegas city, Nevada",Las Vegas,2014,605351,16.3,0.1,4.2,0.6,404258,68271,116841,130754,58614,29778,0.1,0,0.1,0.3,0,0,4.2,2,3.5,3.9,5.7,9.6,0.5,1,0.5,0.2,0.8,0.5
"Las Vegas city, Nevada",Las Vegas,2015,617053,15.6,0.1,4.7,0.5,419673,69542,114094,139707,63344,32986,0.1,0,0.2,0.1,0.1,0,4.8,4.1,4.7,4.6,6.6,4.5,0.5,0.6,0.5,0.5,0.5,0.7
"Las Vegas city, Nevada",Las Vegas,2016,624769,14.9,0.2,4.2,0.6,425318,68210,119435,140045,65757,31871,0.2,0.2,0.2,0.2,0.3,0,4.2,2.4,3.7,4.3,6.1,5.4,0.5,0.6,0.6,0.2,0.7,0.5
"Las Vegas city, Nevada",Las Vegas,2017,633800,12.4,0.2,4.3,0.7,441667,64748,126514,139742,70886,39777,0.2,0.1,0.1,0.2,0.4,0,4.1,2.8,3.6,4,5.7,5.2,0.8,0.9,0.2,0.9,1.8,0.3
"Las Vegas city, Nevada",Las Vegas,2018,635560,12.2,0.5,4.3,0.7,437757,67598,122746,140721,69108,37584,0.4,0.8,0.3,0.3,0.4,0,4.2,2.4,4,4.4,6.3,3.9,0.7,0.7,0.3,0.6,1.6,0.5
"Las Vegas city, Nevada",Las Vegas,2019,644570,13.4,0.1,4.1,0.6,440508,71289,122046,136504,71326,39343,0.2,0.2,0,0,0.6,0.2,3.8,2.3,2.5,3.4,6.1,7.3,0.6,1.2,0.2,0.4,1,1.3
"Louisville/Jefferson County metro government (balance), Kentucky",Louisville,2010,591153,10.1,1.5,1.9,0.5,398548,55837,115507,118151,65372,43681,1.2,2.1,1.2,1.1,1.2,0.6,1.8,0.8,1.3,2.3,1.8,2.9,0.3,0.9,0.5,0.1,0.2,0.2
"Louisville/Jefferson County metro government (balance), Kentucky",Louisville,2011,593099,10.2,1.3,2.2,0.3,403335,54758,123768,118847,60271,45691,1,1.4,0.5,1.3,1.1,0.4,2,2.4,1,1.9,2.2,3.9,0.2,0.2,0.4,0.1,0,0.5
"Louisville/Jefferson County metro government (balance), Kentucky",Louisville,2012,597617,10.1,1.6,2.3,0.6,407429,50876,123479,121882,67269,43923,1.4,1.8,0.8,2.2,0.5,1.2,2.1,2.1,1.6,2.3,2.7,2.3,0.6,0.7,0.7,0.4,0.7,0.8
"Louisville/Jefferson County metro government (balance), Kentucky",Louisville,2013,602214,9.8,2.8,1.7,0.5,413118,54262,119512,126739,64422,48183,2.2,4.9,1.5,1.9,2.1,1.7,1.4,0.5,0.6,1.5,2.8,2.6,0.6,1,0.4,0.4,0.5,0.7
"Louisville/Jefferson County metro government (balance), Kentucky",Louisville,2014,604260,11.9,1.9,1.9,0.5,412536,51822,118251,125813,66323,50327,1.2,1.9,1.2,0.9,1.1,1.3,2,1.7,1,1.3,4.1,3.4,0.5,0.6,0.4,0.3,0.5,1.1
"Louisville/Jefferson County metro government (balance), Kentucky",Louisville,2015,606497,9.8,2.4,1.9,0.2,417075,43862,122882,124838,75484,50009,1.9,1.9,1.7,2.4,1.5,1.5,1.6,2,1,1.3,2.1,2.9,0.1,0.3,0.2,0,0.1,0.3
"Louisville/Jefferson County metro government (balance), Kentucky",Louisville,2016,608086,13,2.4,1.9,0.2,422040,47947,116593,137591,72336,47573,1.7,1.5,1.9,1.8,1.6,1.3,1.7,0.4,1,2,2.6,2.8,0.2,0.4,0.3,0.1,0.3,0.1
"Louisville/Jefferson County metro government (balance), Kentucky",Louisville,2017,614680,11.5,1.8,2.1,0.5,421939,41850,125075,128701,75434,50879,1.3,1.5,1.5,0.9,1.8,1,1.7,0.1,0.7,1.5,3.3,3.5,0.5,0.4,0.1,0.2,0.8,1.6
"Louisville/Jefferson County metro government (balance), Kentucky",Louisville,2018,611711,11.8,1.6,2.1,0.2,424902,46753,118248,130628,76102,53171,1.1,0.8,0.9,1,1.6,1.6,2,2.3,0.9,1.8,3.3,2.9,0.3,0.5,0.3,0.1,0.1,0.3
"Louisville/Jefferson County metro government (balance), Kentucky",Louisville,2019,610948,11.2,1.5,2.6,0.2,426602,40103,122507,127792,84202,51998,1.3,0.6,1.5,1.6,1,1.4,2.4,1,1.6,1.6,4.1,4.3,0.2,0.2,0.1,0.1,0.8,0
"Memphis city, Tennessee",Memphis,2010,639074,16.4,0.8,2.4,0.3,408280,69086,125730,119648,59352,34464,0.6,0.1,1,0.7,0.5,0.2,2.4,0.9,2.3,3,2.9,3.2,0.3,0,0.1,0,1,1
"Memphis city, Tennessee",Memphis,2011,643966,17.5,0.7,2.5,0.4,412688,68310,124367,118797,68189,33025,0.7,0.5,0.7,0.8,0.5,1.8,2.3,0.9,2.1,2.4,3.1,3.7,0.3,0.1,0.4,0.3,0.4,0.7
"Memphis city, Tennessee",Memphis,2012,644689,14.8,1,3,0.5,414812,71233,121068,123723,61442,37346,0.8,0.2,1.1,0.7,0.8,1.3,2.5,1.6,1.9,2.9,3.2,3.9,0.4,0.6,0.2,0.2,0.3,0.8
"Memphis city, Tennessee",Memphis,2013,642845,15.7,0.7,2.7,0.4,414390,72452,115219,121844,64770,40105,0.5,0.6,0.4,0.3,0.8,1,2.3,1,2.2,2.5,3.1,2.7,0.3,0.4,0.2,0,0.5,0.8
"Memphis city, Tennessee",Memphis,2014,649380,15.6,0.8,3.2,0.3,418300,65438,132816,117930,61709,40407,0.8,0.8,0.8,0.4,0.9,1.2,3,2.1,2.1,3.6,5,2.4,0.4,0.9,0.1,0.1,0.4,1.2
"Memphis city, Tennessee",Memphis,2015,646507,13.1,0.9,2.9,0.5,422148,67476,129393,119973,63783,41523,0.7,1.7,0.4,0.6,0.9,0.5,2.6,1.3,1.7,3.6,4,1.9,0.3,0.4,0.2,0.2,0.8,0.1
"Memphis city, Tennessee",Memphis,2016,644105,14.6,1,2.1,0.3,418606,60175,118867,132256,63895,43413,0.9,1.4,0.8,0.9,0.9,0.9,2,2.2,1.2,1.3,2.6,5.3,0.2,0.5,0,0.1,0.1,0.5
"Memphis city, Tennessee",Memphis,2017,645006,12.5,1,2.4,0.3,417951,61025,131606,117897,62859,44564,0.7,0.7,0.4,1,0.7,1,2.2,1.6,1.5,2.7,1.7,4.5,0.3,0.2,0.3,0.3,0.4,0
"Memphis city, Tennessee",Memphis,2018,640895,10.6,0.4,2.5,0.4,421370,60675,134933,115210,69080,41472,0.4,0.7,0.3,0.3,0.4,0.1,2.3,2.6,1.9,1.5,4.5,1.9,0.4,0.8,0.2,0.3,0.2,0.7
"Memphis city, Tennessee",Memphis,2019,643396,11.1,0.8,2.3,0.2,430632,59472,136228,124737,65766,44429,0.8,0.5,0.4,0.9,1.5,0.8,2.3,1.8,1.8,2,3.5,3.2,0.2,0.2,0.2,0.2,0.2,0.3
"Mesa city, Arizona",Mesa,2010,433538,14.4,2.4,3.7,0.7,280903,37416,78693,101718,42248,20828,1.7,1.8,1.7,1.7,2.5,0.4,3.6,3.3,2.8,3.2,5.3,5.5,0.6,0,0.5,0.9,0.7,0.6
"Mesa city, Arizona",Mesa,2011,439530,15.6,1.4,3.9,0.8,289963,38509,75967,108540,43769,23178,1.1,1.5,2,0.9,0.2,0.5,3.6,1.8,4.4,3.7,3,4.7,0.9,0.2,1.2,0.8,1,0.8
"Mesa city, Arizona",Mesa,2012,446244,14.7,2.1,3.9,0.4,294318,34592,79053,107634,50314,22725,1.5,2,0.9,2,1.3,1,4.2,2.5,4.1,4.7,4.9,3.8,0.5,1.2,0.8,0,0.3,0.4
"Mesa city, Arizona",Mesa,2013,451964,13.9,1.7,3.4,0.8,299241,39081,78260,103913,49445,28542,1.2,0.3,1.4,1.4,1.4,0.3,3.8,2.9,4.2,3.9,3.8,3.3,1,0.9,1.2,1.3,0.4,0.3
"Mesa city, Arizona",Mesa,2014,459699,12.7,1.8,3.8,0.7,305195,40051,84571,108367,47848,24358,1.4,0.9,1.5,1.2,2.4,0.9,3.5,2.6,3,3.3,4.9,4.3,0.8,1.7,0.6,0.4,1,0.6
"Mesa city, Arizona",Mesa,2015,464856,15.2,1.7,3.1,0.6,314920,40580,78912,116159,53403,25866,1.2,0.2,1,1.6,1.4,1.4,3,1.8,2.8,2.9,4.3,2.9,0.7,0.4,0.6,0.6,0.9,1.3
"Mesa city, Arizona",Mesa,2016,480494,13.9,1.3,3.5,0.7,319479,36738,81752,116360,55222,29407,1.1,1.5,1,1,1.1,1.4,3.2,2.2,3.6,3.1,4,2.5,0.8,1,1.3,0.4,0.8,0.6
"Mesa city, Arizona",Mesa,2017,489244,12.8,1.6,4.2,0.4,326533,36406,79063,119112,64441,27511,1.3,1.6,0.3,2.3,0.8,1.1,4.3,1.6,4,3.7,7.4,3.4,0.3,0.8,0.6,0.2,0.2,0
"Mesa city, Arizona",Mesa,2018,500714,14.3,1.1,5.1,0.5,339062,39683,82788,125513,60953,30125,1.1,0.7,0.6,1.4,1.2,1.2,4.4,1.2,4.4,4.1,5.7,7.2,0.5,0.2,0.4,0.5,0.7,0.7
"Mesa city, Arizona",Mesa,2019,510026,12.1,1.1,3.1,0.6,344567,32899,80510,130643,67760,32755,1.1,2.6,0.7,1.1,0.6,1.1,3,0.5,3.2,3,3.8,3.1,0.6,0.8,0.6,0.5,0.6,0.6
"Milwaukee city, Wisconsin",Milwaukee,2010,585667,19.1,2,1.8,0.3,356525,69003,113487,97915,49454,26666,1.4,0.6,0.8,1.9,2.7,2,1.4,1.8,1,1.5,1.5,1.4,0.4,0.7,0,0.2,1,0.3
"Milwaukee city, Wisconsin",Milwaukee,2011,589185,18.8,2.2,2.1,0.8,360226,68189,108673,102195,54118,27051,1.6,1.3,1,2.3,1.6,1.6,1.6,1,0.9,1.5,3.2,3.5,0.7,0.8,0.9,0.1,0.8,1.1
"Milwaukee city, Wisconsin",Milwaukee,2012,590189,17,1.9,1.5,0.4,358002,64165,109263,105054,51331,28189,1.1,0.6,1,1.5,1.3,1.4,1.2,0.8,0.7,1.3,1.5,2.8,0.4,0.4,0.2,0.3,0.6,0.7
"Milwaukee city, Wisconsin",Milwaukee,2013,590337,15.5,1.9,1.9,0.6,365916,66603,108674,105836,55417,29386,1.5,0.5,0.7,1.1,3.9,3.3,1.4,1.1,0.9,1.1,2.8,2.6,0.5,0.5,0.3,0.1,1.4,1
"Milwaukee city, Wisconsin",Milwaukee,2014,592299,14.6,2.3,2.1,0.2,368229,62819,110713,108053,55574,31070,1.7,0.6,1,2,3.8,1.8,1.9,2.3,1.4,0.9,2.5,4.6,0.1,0.1,0,0,0.2,0.6
"Milwaukee city, Wisconsin",Milwaukee,2015,592277,13.9,2.2,1.8,0.6,371229,64207,106670,111629,60906,27817,1.7,1,1.1,2.1,3.1,1.5,1.4,0.7,1,1.3,2.1,3.3,0.5,0.2,0.6,0.3,0.7,1
"Milwaukee city, Wisconsin",Milwaukee,2016,587264,15.7,1.9,2,0.4,366000,61495,109937,109149,55503,29916,1.4,1.2,0.7,1.4,2.8,2,1.4,1.4,0.9,1,2.9,2.3,0.3,0.3,0.2,0.6,0.4,0
"Milwaukee city, Wisconsin",Milwaukee,2017,587109,13.1,1.7,2.2,0.6,370407,58263,119512,105113,55551,31968,1.3,0.7,0.5,1.2,2.9,2.1,1.7,1.5,1.1,1.8,1.7,4,0.7,1.6,0.5,0.3,0.6,0.7
"Milwaukee city, Wisconsin",Milwaukee,2018,584202,12.2,1.9,1.9,0.7,369360,58416,112113,107448,56277,35106,1.4,0.4,0.8,1.5,2.5,2.4,1.5,0.9,1.1,1.1,2.4,3.4,0.7,0.8,0.6,0.3,1.2,0.9
"Milwaukee city, Wisconsin",Milwaukee,2019,581896,10.6,1.8,2.2,0.5,372155,55208,113961,107205,62990,32791,1.3,1,1.1,1.3,1.3,2.2,1.8,1.2,0.6,1.9,3,4.4,0.4,0.6,0.3,0.5,0,0.6
"Nashville-Davidson metropolitan government (balance), Tennessee",Nashville,2010,594582,14.4,3.7,3.9,0.8,401233,64207,99174,103124,80191,54537,2.8,3,2.4,3.4,2.8,2.4,3.2,2.5,2,3.1,4.3,4.5,0.7,0.6,0.7,0.6,0.2,1.7
"Nashville-Davidson metropolitan government (balance), Tennessee",Nashville,2011,601835,13.5,3.7,4.1,1.1,406580,56621,104341,106861,91173,47584,2.8,1.8,3.6,2.9,2.8,1.8,3,1.1,2.5,3.2,3,5.5,0.9,2.3,0.8,0.3,0.6,1.1
"Nashville-Davidson metropolitan government (balance), Tennessee",Nashville,2012,612929,11.9,3.4,4.5,0.7,418289,54064,102821,110073,96811,54520,2.8,1.9,2.5,3.4,3.3,2.3,3.9,1.7,3.3,3.6,5.6,4.6,0.5,1,0.2,0,0.5,1.2
"Nashville-Davidson metropolitan government (balance), Tennessee",Nashville,2013,625702,11.8,2.9,4.3,1.1,428603,56290,102106,112195,98805,59207,2.5,1.5,2.9,2,3.2,2.2,3.5,0.5,2.2,3.1,4.4,7.6,1.1,1.1,0.6,1.2,1.2,1.3
"Nashville-Davidson metropolitan government (balance), Tennessee",Nashville,2014,634048,10.8,2.9,4.5,0.9,437627,58956,105425,112416,104938,55892,2.4,0.7,2.3,2.7,3,2.7,3.8,3.2,1.7,3.5,5.1,6,0.8,0.3,1,0.5,0.9,1.2
"Nashville-Davidson metropolitan government (balance), Tennessee",Nashville,2015,646119,11.9,2.4,3.7,0.8,446641,53348,107804,116058,103708,65723,2,0.8,2.1,2.3,2.6,1.7,3.3,3.1,0.9,2.5,5.2,5.6,0.8,1.5,0.8,0.6,0.4,1.1
"Nashville-Davidson metropolitan government (balance), Tennessee",Nashville,2016,651790,9.2,3.1,4.4,0.8,451227,57285,102745,114527,111340,65330,2.7,2.2,2.6,2.5,3.3,2.6,3.8,2.1,3,3.2,5.9,4.1,0.8,1,0.8,0.3,1.1,1.2
"Nashville-Davidson metropolitan government (balance), Tennessee",Nashville,2017,655387,11.4,2.3,4.5,0.7,458810,45180,102750,121838,123290,65752,2.4,1.2,1.2,2.5,2.8,3.9,4,1.3,2.2,3.8,5.6,6,0.6,0.2,0.9,0,1.2,0.2
"Nashville-Davidson metropolitan government (balance), Tennessee",Nashville,2018,656383,11.7,3.3,5,1,462469,50166,104323,114958,117815,75207,3,2.7,2.6,3.7,3.1,2.4,4.5,1.1,4,3.9,5.9,6,0.9,1.7,1.2,0.9,0.2,0.8
"Nashville-Davidson metropolitan government (balance), Tennessee",Nashville,2019,657228,11.4,3.2,4.2,1.1,465969,48913,94245,112012,130797,80002,2.7,2.3,2.5,2.4,4.1,1.1,3.7,2.3,2.6,3.9,4.4,4.6,0.9,2.6,0.3,0.4,0.9,1.2
"Oklahoma City city, Oklahoma",Oklahoma City,2010,573796,12.9,3.1,3.6,0.7,378883,55333,98356,122437,69274,33483,3,2.2,2.4,3.9,2.6,3.1,3,3.4,2.8,2.2,3.7,4.2,0.5,0.4,1,0.6,0.2,0.1
"Oklahoma City city, Oklahoma",Oklahoma City,2011,582757,13.1,4.3,3,0.9,381296,58296,95837,117156,73365,36642,3.6,2.4,4.1,4.6,3.2,1.6,2.5,2.6,2.5,1.8,3.4,3.1,0.8,0.8,0.9,0.9,0.8,0.6
"Oklahoma City city, Oklahoma",Oklahoma City,2012,588318,13.2,3.8,2.9,0.7,388850,56602,99049,121773,75129,36297,3.3,2.5,3.6,3.4,2.9,3.8,2.9,3.3,2.2,2.8,3.7,3,0.6,0.4,0.5,0.3,0.8,1.3
"Oklahoma City city, Oklahoma",Oklahoma City,2013,600382,12.3,4.4,3.5,0.4,396866,67117,100643,120786,72652,35668,3.7,2.9,4,3.9,4.1,3.1,3.1,4.3,2.7,2.3,3.3,4.8,0.4,0.8,0.2,0.1,0.7,0.6
"Oklahoma City city, Oklahoma",Oklahoma City,2014,611777,12.2,3.7,3.3,0.7,405220,58517,104737,126598,76630,38738,3.4,3.1,4.9,3.2,2.2,2.1,2.9,2.1,3.6,2.9,2.5,3.4,0.6,0.7,0.6,0.3,1,0.9
"Oklahoma City city, Oklahoma",Oklahoma City,2015,621987,11.6,5.1,2.3,0.8,409659,59072,104800,122433,79476,43878,4.1,2.3,4.6,4.5,4.7,3.1,2.1,2,1.2,2.7,2,2.9,0.8,1.5,0.8,0.3,1.3,0.7
"Oklahoma City city, Oklahoma",Oklahoma City,2016,628887,12.6,4.2,2.8,0.6,413674,58712,102641,129583,79823,42915,3.6,3.7,3.7,4.8,2.6,1.8,2.6,1.8,2.5,2.1,3.6,3.9,0.7,1.7,0.7,0.1,0.8,0.3
"Oklahoma City city, Oklahoma",Oklahoma City,2017,631774,11.5,3.5,2.6,0.4,416688,53825,107166,126826,84247,44624,3.3,1.7,4,3.7,3.1,2.5,2.3,1.3,2,2.2,2.8,3.9,0.3,0.4,0.2,0.3,0.2,0.3
"Oklahoma City city, Oklahoma",Oklahoma City,2018,642383,12.4,3.3,3.5,0.6,424409,55330,106090,132128,82707,48154,3.1,1.8,3,3.5,3.6,2.9,3,0.9,2.1,3.9,3.9,3.3,0.6,1.2,0.5,0.5,0.5,0.6
"Oklahoma City city, Oklahoma",Oklahoma City,2019,644618,11.7,3.8,3,0.5,431007,57225,114039,125536,83515,50692,3.2,1.5,2.6,3.8,4.1,3.3,2.8,4.3,2.2,2.8,2.2,3.2,0.5,0.8,0.6,0.1,0.8,0.5
"Portland city, Oregon",Portland,2010,577463,12.5,3.2,4.9,0.8,410687,45791,72839,118687,108091,65279,2.8,2.3,3.2,3.2,2.3,3.1,4.5,1.4,2.4,4.6,6.4,5.7,0.7,1,0.8,0.3,0.8,1
"Portland city, Oregon",Portland,2011,588652,12,3.7,4.5,1.3,424561,41396,77447,123404,107641,74673,2.8,2.6,4,3.1,2.5,1.4,4,2.5,3.7,2.9,5.1,5.4,1.1,2.9,0.8,0.8,0.7,1.6
"Portland city, Oregon",Portland,2012,597229,11.3,2.7,4.9,0.8,436937,35847,73967,132392,114884,79847,2.3,2.7,1.4,2.6,2.3,2.4,4.3,0.6,3.8,3.3,4.9,7.1,0.9,0.2,1.5,0.8,0.9,1.1
"Portland city, Oregon",Portland,2013,603324,13,4,4.4,0.8,443687,41596,73375,124626,122015,82075,3.3,4.5,3.2,3.6,3.3,2.2,4,2.1,1.9,3.3,5.3,5.7,0.7,0.9,0.2,0.1,1.2,1.2
"Portland city, Oregon",Portland,2014,613097,11.7,3.9,4.3,0.9,450953,35696,74362,133144,127091,80660,3.4,3,2.9,3.2,4.4,2.8,3.7,1.6,2,4,5.1,3.5,0.8,0.1,0.7,0.3,1.4,1.2
"Portland city, Oregon",Portland,2015,624849,11.1,2.9,4.7,0.9,462743,40354,69251,128287,135811,89040,2.6,2.3,2.9,3.3,2.2,2.1,4.2,1.2,2.2,4.8,5.1,5,0.8,0.1,0.4,0.6,1.1,1.1
"Portland city, Oregon",Portland,2016,633013,11.6,2.8,4.8,1.7,471385,39109,69804,128677,139129,94666,2.5,2.3,2.4,3.1,2.1,2.2,4.6,0.5,4.8,3,6.4,5.8,1.4,3.6,1.1,0.8,1.5,1.3
"Portland city, Oregon",Portland,2017,641113,10.4,3.1,4.7,1.1,476631,34780,77542,126623,141699,95987,3,5.6,2.4,3,2.7,2.7,4.3,2.6,2.9,4.2,4.5,5.9,0.9,1.3,0.5,0.3,0.9,1.9
"Portland city, Oregon",Portland,2018,647558,10.2,3.3,4,0.9,486275,34427,72135,133123,145252,101338,2.8,2.5,1.8,3.5,3.6,1.5,3.6,0.5,3.6,2.8,4.5,4.7,0.9,1.6,0.2,1,0.5,1.7
"Portland city, Oregon",Portland,2019,648136,9.9,2.8,4.3,0.6,487931,31856,73331,124946,153312,104486,2.6,1.5,2.1,3,3.5,1.3,3.9,3,2.6,2.9,5,4.8,0.5,0.8,0.6,0.3,0.7,0.5
"Sacramento city, California",Sacramento,2010,460918,17.1,4.8,1.6,0.5,300055,54915,62200,98533,54186,30221,3.7,3.2,2.4,3.7,5.4,4.4,1.4,0.6,1.1,2.1,0.7,2.2,0.4,0.3,0.3,0.4,0.5,0.7
"Sacramento city, California",Sacramento,2011,464380,17.1,3,1.2,0.3,300724,55342,60578,98910,54323,31571,2.4,1.7,2.6,2.3,3.5,1.6,1.2,0.1,0.6,1.5,1.5,2.7,0.4,0.8,0,0.4,0.6,0.2
"Sacramento city, California",Sacramento,2012,470283,15.7,3.3,1.8,0.5,307778,51006,63824,102845,57785,32318,2.6,1.8,2.2,2.6,4.1,2,1.9,1,1.1,2,2.7,2.9,0.6,0.2,0.1,0.3,1.1,1.9
"Sacramento city, California",Sacramento,2013,472456,14.8,4.3,1.1,0.7,313046,50874,70413,99684,58125,33950,3.9,3.6,2.9,3.6,5.2,4.7,1.2,0.6,0.5,0.9,1.9,3.5,0.9,1,1.1,0.1,1.6,1.1
"Sacramento city, California",Sacramento,2014,480443,12.9,4,1.5,0.5,315080,52942,66735,101750,58113,35540,3.6,2,3.3,3.9,5.1,3.2,1.3,0.5,1.1,1,1.9,3.2,0.5,0.5,0.2,0.4,0.9,0.6
"Sacramento city, California",Sacramento,2015,483176,11,3.6,1.4,0.6,323209,53770,70635,100941,64091,33772,3.5,2.1,2.9,3.4,4.3,6.1,1.4,1.2,0.8,1,2,2.5,0.6,0.6,0.5,0.4,0.6,1.3
"Sacramento city, California",Sacramento,2016,489282,9.9,4.2,2.1,0.5,337717,55490,74892,102529,67446,37360,4.2,3.5,3.6,3.5,4.8,6.9,2.2,1.1,1.4,2.2,2.3,5.1,0.6,0.1,0.7,0.4,0.9,0.7
"Sacramento city, California",Sacramento,2017,494946,10.2,4.4,0.9,0.7,342577,47215,73513,109524,69671,42654,4,1.8,3.9,2.8,5.9,6.2,1,0.4,1,0.8,0.6,2.6,0.8,0.8,0.3,0.7,1.4,0.9
"Sacramento city, California",Sacramento,2018,502460,10.8,4.5,1.4,0.7,345115,49656,71422,104789,77182,42066,4.1,2.8,3.1,4.3,5.1,5.4,1.6,1.2,1.2,1,2.4,2.6,0.8,0.6,0.4,0.5,1.5,0.8
"Sacramento city, California",Sacramento,2019,508736,11.3,4.8,1,0.6,349270,45364,78509,107538,77336,40523,3.9,2.7,3.9,3.4,4,6.1,1.1,0.5,0.4,1.3,1.1,2.3,0.6,0.8,1,0.4,0.5,0.1
"San Francisco city, California",San Francisco,2010,798993,9.5,3.7,1.6,1.4,620010,87238,88019,129451,194510,120792,2.9,0.4,1.9,2.2,4.6,3.4,1.5,0.2,0.5,1.1,2.3,2.3,1.3,1.8,0.8,1.1,1.5,1.4
"San Francisco city, California",San Francisco,2011,805064,8.2,4.4,1.8,1.7,630383,88880,85291,127854,202337,126021,3.4,1.3,1.9,4,4.5,3.7,1.9,0.2,0.5,2,2.6,2.6,1.4,1,1.8,0.6,1.8,1.3
"San Francisco city, California",San Francisco,2012,817921,7.4,4.3,2.6,1.7,644836,86676,83818,128734,212320,133288,3.6,2,2.3,2.1,5.3,4.1,2.3,0.5,0.5,1.2,3.2,4.2,1.4,1.4,0.4,1.1,1.9,1.7
"San Francisco city, California",San Francisco,2013,830556,7.1,4,2.5,1.7,658387,87099,82664,139418,206562,142644,2.9,1,2.5,3.1,3.4,3.6,2.3,0.1,0.5,1.5,2.9,4.9,1.4,0.9,1.3,0.9,1.5,2.2
"San Francisco city, California",San Francisco,2014,843712,6.6,3.8,2,1.4,671896,80245,85639,141621,220923,143468,2.7,1.1,3.1,2.9,2.4,3.5,1.8,0.6,0.7,0.8,2.9,2.5,1.2,0.7,0.7,0.6,1.5,1.8
"San Francisco city, California",San Francisco,2015,855672,6.3,3.8,2.9,1.5,683821,84780,87434,134438,227064,150105,3,0.8,1.6,2.5,4.3,3.2,2.6,0.7,1,1.6,3.8,3.6,1.3,0.2,1.3,1.2,1.6,1.8
"San Francisco city, California",San Francisco,2016,861068,6.2,3.3,2.2,1.5,689696,83460,84652,126771,234899,159914,2.4,0.5,1.4,1.6,3.3,3,2.2,0.9,0.6,0.9,2.9,3.6,1.3,0.7,0.6,0.6,1.6,2.2
"San Francisco city, California",San Francisco,2017,874611,6.9,3.9,2.7,1.3,702525,82470,81138,132725,246711,159481,3.2,0.6,1.6,3.3,4.2,3.6,2.6,1.2,0.9,1.4,3.5,3.7,1.5,0.4,1.1,0.6,1.9,2.3
"San Francisco city, California",San Francisco,2018,875048,7.9,3.7,2.1,1,702565,73381,85850,123004,253594,166736,2.8,1.4,1.5,2.7,3.5,3.2,2,0,0.3,0.9,2.7,3.4,0.9,1,0.5,0.6,1,1.2
"San Francisco city, California",San Francisco,2019,873649,7.5,3.6,2.1,1.3,701279,81539,83279,121337,245885,169239,3,1.2,3.2,2.9,3.2,3.6,2,0.1,0.8,0.9,2.4,3.7,1.3,1,1.4,0.2,1.6,1.7
"Seattle city, Washington",Seattle,2010,603362,15.6,2.6,4.3,1.5,443842,31858,53857,109708,146760,101659,1.9,3.1,2.7,2.2,2,0.7,3.8,0.2,2.6,2.5,4.7,5.7,1,2.5,1.3,0.3,1.3,0.8
"Seattle city, Washington",Seattle,2011,612350,14.5,2.2,4.7,1.2,452654,35043,53007,110206,151071,103327,1.4,1.7,1.5,1.9,1.4,0.6,4.5,1.4,3.9,5.2,4.5,5.2,1,1.9,0.4,0.5,0.7,1.9
"Seattle city, Washington",Seattle,2012,626942,12.6,2.5,5,1.2,467427,29806,55997,112064,161280,108280,1.9,2.1,2.1,3.4,1.1,1.5,4.4,1.9,1.5,4.1,4.3,7,0.9,0.1,0.2,0.5,1.6,0.9
"Seattle city, Washington",Seattle,2013,645335,14.5,2.5,5.4,1.1,478685,30151,53623,108889,171245,114777,1.6,4.8,1.4,2.2,1.1,1.2,4.7,1.3,1.9,3.8,5.5,6.4,1,0.8,0.5,0.5,0.7,2
"Seattle city, Washington",Seattle,2014,662250,14.8,2.5,4.4,1.9,495746,35578,50477,117491,173025,119175,2,3.4,3.6,3.2,1.3,0.8,4,0.7,3.2,3.4,4.4,5.4,1.5,0.9,1.1,0.9,1.7,2.1
"Seattle city, Washington",Seattle,2015,678243,15.2,1.9,5.4,1.4,506840,26628,51571,113911,186009,128721,1.2,1.9,1.2,2,1.1,0.6,4.4,4,3,2.7,4.1,7.2,1.2,0.6,0.3,0.8,1.4,1.8
"Seattle city, Washington",Seattle,2016,697460,14.3,1.9,5.3,1.6,518986,29045,48381,113945,186111,141504,1.4,1.5,1.6,2,1.2,1,4.1,0.8,1.5,3.2,5.3,5,1.5,4.1,1,0.5,1.2,2.3
"Seattle city, Washington",Seattle,2017,716870,13.2,2.2,5.2,1.6,538813,27375,54626,119442,192145,145225,1.6,1.4,1.5,2.6,1.7,0.8,4.6,1,1.2,3.4,5.9,5.7,1.4,4.6,0.6,0.8,1.3,1.8
"Seattle city, Washington",Seattle,2018,737289,14.1,2.1,6.3,1.7,553392,28826,53482,111344,206359,153381,1.5,1.8,2.4,1.9,1.5,1,5.9,0.1,1.9,4,7.4,7.6,1.5,1,0.6,0.4,1.5,2.6
"Seattle city, Washington",Seattle,2019,747296,15.2,1.8,4.9,1.5,565224,30403,53835,113517,208720,158749,1.1,1.7,1.6,1.6,1,0.5,4.4,0.6,3.3,3.5,5.1,5.4,1.1,0.3,0.5,0.7,1.1,1.8
"Tucson city, Arizona",Tucson,2010,515978,17.6,2.4,3.8,0.8,324394,51197,77813,113574,49226,32584,1.3,1.4,1.3,1.4,0.8,1.1,3.2,1.5,2.7,3.5,4.2,4.3,0.4,0.2,0.2,0.2,1,0.9
"Tucson city, Arizona",Tucson,2011,519863,19.1,2.6,2.8,0.7,332051,51806,82908,119299,47860,30178,1.7,2.2,1.9,1.6,1.5,0.6,1.7,0.4,1.4,1.8,3.4,1.9,0.8,1,0.5,0.7,1.9,0.1
"Tucson city, Arizona",Tucson,2012,517937,16.9,2.1,2.8,0.8,330011,52440,76448,119130,49677,32316,1.2,1.4,1.2,1.6,0.5,0.6,2,2,2.5,1.7,2,1.8,0.8,0.6,0.5,0.6,1.7,1.4
"Tucson city, Arizona",Tucson,2013,519722,19.9,2.6,3.7,1,325393,53454,77229,112788,48878,33044,1.5,2.8,2.3,1.3,0.1,0.4,3,0.6,2.3,3.2,4.1,6,0.9,1.8,0.6,0.4,1.2,1.3
"Tucson city, Arizona",Tucson,2014,521331,20.3,2.2,3.3,1,327657,50831,78331,114606,48863,35026,1.3,2.1,1.2,1.7,0.4,0.5,3,0.9,3,3,4.2,5,0.9,1.2,0.2,0.4,2.6,1.3
"Tucson city, Arizona",Tucson,2015,523461,19.6,2,3.9,1.3,331389,55518,80221,107897,52354,35399,1.7,1.6,1.7,1.7,1.9,1.4,3,1.6,2.5,2.3,5.5,4.8,1.2,2,0.7,0.5,1.9,2
"Tucson city, Arizona",Tucson,2016,523743,18,2.6,3.7,1.3,333475,51136,77856,117535,52177,34771,2,3.7,2.4,1.5,1.7,0.9,3,2.4,2.6,2.6,3.7,5.1,1.2,2.1,0.9,0.5,1.4,2.3
"Tucson city, Arizona",Tucson,2017,529237,17.9,2.4,3.7,1.3,341440,48923,79258,118588,57127,37544,1.6,3.1,1.6,1.3,1.7,0.9,3.4,0.6,3,3.8,4.1,5.4,1,1.9,0.5,1,1.2,0.6
"Tucson city, Arizona",Tucson,2018,539262,16.4,2.7,3.5,0.9,346483,51713,84732,117128,57490,35420,2.3,2.6,2,2.9,1.6,2,2.9,2,2.3,3.3,4.2,2.3,0.8,0.5,0.4,0.7,1.8,1
"Tucson city, Arizona",Tucson,2019,543386,14.7,2.2,3.5,1.1,355457,55281,82862,120190,59204,37920,1.6,3.3,1.2,2,0.9,0.3,3,2.3,2.5,2.9,3.1,5.3,0.9,3.1,1.2,0.1,0.4,0.6
"Washington city, District of Columbia",Washington,2010,596747,10.7,0,8.6,1.2,416824,52392,84569,71039,96573,112251,0,0,0,0,0,0,7.1,4.5,4.4,4.3,10.9,9,0.9,0,0.4,0.9,1.6,1.4
"Washington city, District of Columbia",Washington,2011,611608,10.9,0,7.9,1.2,428261,54690,75897,72910,99622,125142,0,0,0,0,0,0,6.9,3.4,3.5,6.5,9.2,8.9,1.2,0.5,0.6,0.4,1.3,2.1
"Washington city, District of Columbia",Washington,2012,624847,9.9,0,8.6,1.4,439531,50139,81081,75520,100904,131887,0,0,0,0,0,0,6.7,2,3.3,6.6,8.7,9.1,1.4,0.5,0.5,0.4,2.7,2
"Washington city, District of Columbia",Washington,2013,636535,10.8,0,7.3,1.7,453014,44846,84220,74342,102958,146648,0,0,0,0,0,0,5.9,2.5,2.6,3.8,8.6,7.9,1.5,0.3,0.5,0.3,2,2.7
"Washington city, District of Columbia",Washington,2014,648586,10.4,0,8.7,1.8,463211,45454,84213,78872,112706,141966,0,0,0,0,0,0,6.8,2.9,3.8,5.2,9.4,8.6,1.4,1.1,0,0.2,2,2.7
"Washington city, District of Columbia",Washington,2015,663006,10.1,0,9,1.6,472884,48249,82181,74109,112629,155716,0,0,0,0,0,0,6.7,1.6,3.3,5.8,9.2,8.7,1.6,0.3,1,0.8,1.7,2.7
"Washington city, District of Columbia",Washington,2016,672022,9.5,0,8.7,1.7,480158,45743,85248,76292,115097,157778,0,0,0,0,0,0,6.4,2.9,3.7,3.1,9.3,8.2,1.5,0.3,0.7,0.6,2.3,2.1
"Washington city, District of Columbia",Washington,2017,684810,9.3,0,8.2,1.5,494614,48331,85033,77731,118172,165347,0,0,0,0,0,0,6.5,2.3,2.4,4.1,8.4,9.7,1.4,0.9,0.4,0.7,1.6,2.3
"Washington city, District of Columbia",Washington,2018,693798,9.9,0,6.9,1.4,500176,39628,82900,75478,129782,172388,0,0,0,0,0,0,5.5,0.6,1.7,3.4,8.2,7.4,1.1,1.3,0.7,0.6,1.1,1.6
"Washington city, District of Columbia",Washington,2019,697556,9.3,0,8.4,1.4,505145,41168,79881,82667,129825,171604,0,0,0,0,0,0,6.8,1.8,4.1,5.3,7.2,9.6,1.2,0.8,0.6,0.9,0.7,2.3
