year,name,estimate_total_households_with_social_security,percent_estimate_total_households_with_social_security,mean_social_security_income_usd,estimate_total_households_with_retirement_income,percent_estimate_total_households_with_retirement_income,mean_retirement_income_usd,estimate_total_households_with_ssi,percent_estimate_total_households_with_ssi,mean_ssi_income_usd,estimate_total_households_with_cash_public_assistance,percent_estimate_total_households_with_cash_public_assistance,mean_cash_public_assistance_income_usd,total_households_foodstamp_snap,percent_households_foodstamp_snap
2010,Albuquerque,55341,24.8,15355,40130,18,28302,10835,4.8,9227,3924,1.8,5553,25155,11.3
2011,Albuquerque,58773,26.2,15769,37685,16.8,26698,12684,5.7,8602,6424,2.9,2147,33056,14.7
2012,Albuquerque,60879,27.1,15945,41086,18.3,25527,12655,5.6,9405,4905,2.2,2311,35131,15.7
2013,Albuquerque,58759,27,17018,38825,17.8,28772,10932,5,9520,5174,2.4,3038,34527,15.8
2014,Albuquerque,60841,27.7,16518,40525,18.4,27122,12137,5.5,8881,4336,2,3165,27673,12.6
2015,Albuquerque,60873,27.4,17546,44249,19.9,27178,14518,6.5,9688,6487,2.9,2833,35451,16
2016,Albuquerque,67433,30.5,17678,43268,19.6,29245,11019,5,10357,6829,3.1,3287,35070,15.9
2017,Albuquerque,67444,30.5,18585,42104,19,29812,11391,5.1,10132,4224,1.9,3244,33790,15.3
2018,Albuquerque,68418,29.9,18400,44946,19.7,30044,11622,5.1,8769,6341,2.8,1911,35724,15.6
2019,Albuquerque,69383,30.5,18391,52501,23.1,29532,12050,5.3,9147,8124,3.6,1971,34811,15.3
2010,Austin,47036,14.5,15864,33779,10.4,26463,10153,3.1,8703,4407,1.4,3529,34412,10.6
2011,Austin,48977,14.8,15709,35026,10.6,26610,10768,3.2,8611,4060,1.2,2970,35419,10.7
2012,Austin,48340,14.6,16230,33162,10,25932,9970,3,8472,5357,1.6,3818,36792,11.1
2013,Austin,52898,15.1,16685,39640,11.4,24265,10578,3,9048,6305,1.8,2026,37282,10.7
2014,Austin,54969,15.2,18107,38433,10.6,28695,9702,2.7,8298,4306,1.2,3921,37084,10.3
2015,Austin,54705,15,17411,37229,10.2,28990,8525,2.3,9179,3616,1,3561,29900,8.2
2016,Austin,57649,15.5,17896,37553,10.1,35157,10669,2.9,8785,3994,1.1,2946,27459,7.4
2017,Austin,58148,15.4,18470,38056,10.1,29919,8477,2.3,9296,3656,1,2465,26891,7.1
2018,Austin,63126,16.2,19065,42277,10.8,33311,11180,2.9,8828,3804,1,3678,30346,7.8
2019,Austin,63211,15.4,19790,60535,14.8,32173,11587,2.8,9970,4003,1,4301,29358,7.2
2010,Baltimore,66608,28,13434,36020,15.1,19143,24706,10.4,8552,15748,6.6,3464,50462,21.2
2011,Baltimore,64498,27,14187,37324,15.6,18330,25472,10.6,9068,19225,8,3815,55775,23.3
2012,Baltimore,67070,27.4,13903,37698,15.4,18909,24395,10,8631,16220,6.6,4275,64579,26.4
2013,Baltimore,67637,27.7,15115,37055,15.2,19007,23089,9.5,8386,13594,5.6,3663,63230,25.9
2014,Baltimore,68248,28.6,15245,40057,16.8,18291,20839,8.7,9223,14126,5.9,3462,61860,25.9
2015,Baltimore,69700,29.2,16044,38233,16,19610,24471,10.3,9230,12881,5.4,3025,61876,26
2016,Baltimore,67726,28.1,15847,39436,16.4,22667,24147,10,9478,11051,4.6,3358,61673,25.6
2017,Baltimore,71217,29.6,15245,41509,17.3,23620,23405,9.7,10007,12978,5.4,2577,58910,24.5
2018,Baltimore,68636,28.9,16347,40923,17.3,22850,24088,10.2,9093,8620,3.6,3767,50619,21.3
2019,Baltimore,72757,30,16663,53902,22.2,21093,20121,8.3,9890,12523,5.2,3160,57504,23.7
2010,Boston,45524,18.1,13159,20923,8.3,23461,22620,9,8226,12201,4.8,4018,43667,17.3
2011,Boston,49582,19.7,13436,24217,9.6,23993,21712,8.6,8727,12182,4.8,4913,48932,19.4
2012,Boston,49200,19.9,13182,21439,8.7,21697,21713,8.8,8979,9387,3.8,4117,47692,19.3
2013,Boston,50792,20.2,15548,22715,9,25473,17802,7.1,8869,10960,4.4,4202,51055,20.3
2014,Boston,48805,19.2,14429,21758,8.6,23613,23342,9.2,9677,9385,3.7,3558,51510,20.3
2015,Boston,53097,20.3,14698,20979,8,33494,20694,7.9,8984,7980,3.1,3744,,17.8
2016,Boston,53573,20,14995,23814,8.9,32680,22458,8.4,9279,10059,3.8,3592,49780,18.6
2017,Boston,54283,20.2,15706,24040,9,27343,21505,8,9378,7859,2.9,4022,48301,18
2018,Boston,60592,22.1,15986,24431,8.9,29687,22350,8.1,9529,8352,3,3360,46135,16.8
2019,Boston,53555,19.7,16636,37238,13.7,33272,19466,7.2,9499,8585,3.2,3128,43344,16
2010,Charlotte,55475,19.5,16210,30807,10.8,20740,9815,3.5,8243,7786,2.7,3579,36200,12.7
2011,Charlotte,56881,19.4,17639,34592,11.8,24713,10355,3.5,7574,6134,2.1,3989,44403,15.2
2012,Charlotte,57065,19.3,17154,34412,11.6,22701,10432,3.5,7867,5789,2,4378,40703,13.8
2013,Charlotte,56102,18.7,17213,34166,11.4,20141,11934,4,8475,6166,2.1,4020,40989,13.7
2014,Charlotte,62537,20.2,17559,38452,12.4,22223,11095,3.6,9544,4693,1.5,2866,40530,13.1
2015,Charlotte,66174,20.5,18790,40174,12.4,22651,13356,4.1,8773,4827,1.5,2463,42925,13.3
2016,Charlotte,61654,19.3,19432,34754,10.9,24199,11531,3.6,9130,3689,1.2,2512,33751,10.6
2017,Charlotte,67258,20.3,19354,39006,11.8,26556,10482,3.2,9955,4103,1.2,2279,34362,10.4
2018,Charlotte,69935,20.8,20070,38543,11.5,26138,10967,3.3,9783,2954,0.9,3242,29311,8.7
2019,Charlotte,66312,19.4,19865,51920,15.2,26216,9770,2.9,9779,4019,1.2,2399,26429,7.7
2010,Columbus,60535,19,13957,41868,13.1,24576,18957,5.9,8144,11068,3.5,3662,59943,18.8
2011,Columbus,61598,19.1,14307,40411,12.5,21329,20212,6.3,8382,12535,3.9,3885,57456,17.8
2012,Columbus,63652,19.3,14282,44309,13.4,22349,17794,5.4,8730,13840,4.2,2567,60890,18.5
2013,Columbus,63814,19.3,14579,42505,12.9,25041,20774,6.3,8832,12545,3.8,2771,63464,19.2
2014,Columbus,63661,18.8,15472,43937,13,22648,19024,5.6,8713,12642,3.7,2360,59977,17.7
2015,Columbus,72685,21.1,15676,47282,13.7,25309,16567,4.8,8849,10329,3,2812,57381,16.6
2016,Columbus,73553,21.1,15128,46378,13.3,24593,20459,5.9,9334,7922,2.3,2590,54297,15.6
2017,Columbus,71951,20.2,15953,48851,13.7,26195,24191,6.8,9678,9800,2.8,3252,50974,14.3
2018,Columbus,76388,20.9,16911,48015,13.1,27383,21401,5.8,10595,6970,1.9,2561,46509,12.7
2019,Columbus,71616,19.4,16839,59458,16.1,29857,18014,4.9,10090,6176,1.7,3441,43777,11.9
2010,Denver,50453,19.3,14519,28798,11,23393,12777,4.9,8186,8254,3.1,3262,30341,11.6
2011,Denver,53294,20,15023,29752,11.2,23303,11240,4.2,7823,7724,2.9,4799,27193,10.2
2012,Denver,54036,20,15276,32415,12,25542,11435,4.2,8279,8011,3,3226,31872,11.8
2013,Denver,55913,20.5,15963,30695,11.2,25796,8998,3.3,8719,6643,2.4,2944,29729,10.9
2014,Denver,56820,20.2,16035,31211,11.1,28436,10059,3.6,8099,7257,2.6,3299,30682,10.9
2015,Denver,57776,20.1,16469,30002,10.5,30584,11041,3.8,8794,6732,2.3,2670,27751,9.7
2016,Denver,60879,20.8,17179,35219,12.1,26912,11293,3.9,9331,6747,2.3,3236,26238,9
2017,Denver,61687,20.8,17371,35000,11.8,29202,10306,3.5,10008,6286,2.1,3568,23997,8.1
2018,Denver,60737,19.6,18336,34761,11.2,29786,11251,3.6,9240,6891,2.2,2651,24820,8
2019,Denver,63729,20,18154,49922,15.7,29252,11465,3.6,9770,5147,1.6,2249,21672,6.8
2010,Detroit,84109,33,13928,57354,22.5,18081,31778,12.5,8563,24007,9.4,3364,98080,38.4
2011,Detroit,82548,32.5,14775,51799,20.4,19680,33684,13.3,8479,21860,8.6,3785,104099,41
2012,Detroit,84390,33.3,14169,54509,21.5,19548,40732,16.1,8798,20088,7.9,3278,111274,44
2013,Detroit,84480,33.1,14489,54395,21.3,19639,38562,15.1,8830,18734,7.3,3110,110980,43.5
2014,Detroit,86055,33.9,15783,51355,20.3,19730,39931,15.8,9280,13745,5.4,2507,108250,42.7
2015,Detroit,88960,34.8,15249,50489,19.8,22013,37376,14.6,9203,14549,5.7,2320,109288,42.8
2016,Detroit,79746,30.8,15872,46841,18.1,18806,42295,16.3,8983,13229,5.1,2649,102735,39.6
2017,Detroit,87730,33.2,16317,49897,18.9,22609,38102,14.4,9287,9247,3.5,1913,97979,37.1
2018,Detroit,90101,33.8,15780,51047,19.2,20739,36304,13.6,8878,10719,4,2312,99519,37.4
2019,Detroit,89138,33.4,16265,62266,23.3,21655,35005,13.1,8793,8803,3.3,1512,88124,33
2010,El Paso,60087,28.5,12850,31020,14.7,20564,14460,6.9,6998,13053,6.2,3439,45240,21.5
2011,El Paso,59837,27.3,12896,29349,13.4,24119,11643,5.3,7443,12408,5.7,3757,48596,22.1
2012,El Paso,62416,28.4,13987,31092,14.2,18549,16596,7.6,7586,7216,3.3,3701,50970,23.2
2013,El Paso,59448,27.1,14049,32284,14.7,23487,17486,8,7330,7603,3.5,3270,51731,23.6
2014,El Paso,62576,28.7,14113,32256,14.8,20519,16180,7.4,7177,7643,3.5,3055,47273,21.7
2015,El Paso,62667,28.2,14995,35978,16.2,22254,15232,6.8,6711,6642,3,3003,46380,20.8
2016,El Paso,62587,27.7,14570,34018,15.1,22480,16553,7.3,7402,3756,1.7,2824,46262,20.5
2017,El Paso,59665,26,14880,36150,15.8,24587,14423,6.3,7980,4556,2,2135,41593,18.2
2018,El Paso,64476,28.3,14385,34909,15.3,28451,14042,6.2,8424,4628,2,2354,45091,19.8
2019,El Paso,62143,27.9,15207,43078,19.3,24791,15323,6.9,7825,4828,2.2,2843,46186,20.7
2010,Fort Worth,50387,19.3,14882,28477,10.9,18390,11234,4.3,9350,8515,3.3,3429,31063,11.9
2011,Fort Worth,53642,20.3,15461,29996,11.4,23774,9627,3.7,9218,8987,3.4,3861,38579,14.6
2012,Fort Worth,56097,20.9,15355,33186,12.3,23871,12030,4.5,9168,9094,3.4,3351,43857,16.3
2013,Fort Worth,55116,20.5,15463,32518,12.1,22968,13910,5.2,8702,5114,1.9,3087,44748,16.6
2014,Fort Worth,60512,21.5,16168,34860,12.4,21725,13656,4.8,8862,3328,1.2,1878,44216,15.7
2015,Fort Worth,61845,21.7,17190,34386,12.1,21426,14913,5.2,9352,4394,1.5,2596,44633,15.7
2016,Fort Worth,60625,21.1,17308,31923,11.1,24849,15118,5.3,8832,4164,1.4,2190,43854,15.3
2017,Fort Worth,62645,20.9,18136,34126,11.4,25875,16573,5.5,9444,3797,1.3,2702,35152,11.7
2018,Fort Worth,66321,21.5,17408,38387,12.5,27163,16913,5.5,9046,7229,2.3,2352,42238,13.7
2019,Fort Worth,63988,20.7,18121,50039,16.2,28141,13083,4.2,9056,4704,1.5,3388,37355,12.1
2010,Fresno,35900,23.5,15009,21512,14.1,21934,16093,10.5,9865,15735,10.3,5296,31119,20.4
2011,Fresno,35762,23.1,14981,18734,12.1,26307,15722,10.2,9614,12682,8.2,5538,31743,20.5
2012,Fresno,37462,23.1,15441,22363,13.8,22862,16088,9.9,10061,16578,10.2,4741,35967,22.2
2013,Fresno,38877,24.1,15255,23070,14.3,22090,16581,10.3,9429,17729,11,5165,38081,23.6
2014,Fresno,38802,23.7,16008,22160,13.5,22386,16982,10.4,10195,17197,10.5,4402,38281,23.4
2015,Fresno,38595,23.6,16365,22688,13.9,27695,17135,10.5,9716,14756,9,5187,40466,24.8
2016,Fresno,42477,25.5,16008,23842,14.3,28727,15572,9.4,10052,14183,8.5,4038,39928,24
2017,Fresno,45609,26.9,16108,25746,15.2,28137,16996,10,9372,15239,9,3382,38207,22.6
2018,Fresno,41188,24.1,16784,24459,14.3,27885,16130,9.4,9838,15744,9.2,3915,36136,21.1
2019,Fresno,43127,25,16432,33856,19.6,26149,17066,9.9,9890,13477,7.8,3796,34580,20
2010,Indianapolis,76016,23.6,15962,51088,15.8,17060,15323,4.7,8284,12897,4,2809,48008,14.9
2011,Indianapolis,76966,23.7,16356,48116,14.8,17787,19222,5.9,8858,10384,3.2,3563,54504,16.8
2012,Indianapolis,80440,24.3,16492,45864,13.9,19104,17347,5.2,8860,8328,2.5,2559,57159,17.3
2013,Indianapolis,81545,25,16739,49270,15.1,16446,16076,4.9,8633,7615,2.3,3312,62197,19.1
2014,Indianapolis,82055,25,17287,50556,15.4,19019,18535,5.6,9629,7214,2.2,2617,62029,18.9
2015,Indianapolis,85090,25.9,17566,51124,15.6,20106,17292,5.3,10332,5621,1.7,2550,53798,16.4
2016,Indianapolis,82646,24.8,17781,48493,14.6,18505,18082,5.4,10040,5252,1.6,3030,48599,14.6
2017,Indianapolis,83844,25.1,18936,50033,15,23009,19580,5.9,9283,4982,1.5,2685,41426,12.4
2018,Indianapolis,83054,24.5,18680,48058,14.2,20705,23068,6.8,10455,5887,1.7,1907,39616,11.7
2019,Indianapolis,86635,25.4,19117,67802,19.9,21760,17392,5.1,9976,8545,2.5,2664,39373,11.6
2010,Jacksonville,76424,24.8,15671,47224,15.3,22836,17110,5.6,8509,9382,3,3457,42059,13.6
2011,Jacksonville,78341,25.2,16205,55087,17.7,23141,14822,4.8,8114,8994,2.9,3539,50229,16.1
2012,Jacksonville,79604,25.8,16309,55711,18,19510,17761,5.7,8670,9482,3.1,3036,53339,17.3
2013,Jacksonville,84336,26.8,16824,61520,19.6,21019,16328,5.2,9644,8886,2.8,2796,47245,15
2014,Jacksonville,89478,27.9,16965,59483,18.5,23113,16839,5.2,8657,9606,3,2973,58467,18.2
2015,Jacksonville,90314,27.9,17004,59641,18.4,22836,18378,5.7,9311,10100,3.1,3188,54376,16.8
2016,Jacksonville,93633,28.2,17804,61144,18.4,21347,17700,5.3,9379,9165,2.8,2578,52625,15.9
2017,Jacksonville,94664,28,18204,56800,16.8,24356,18450,5.4,10010,9808,2.9,2884,54571,16.1
2018,Jacksonville,97299,28.1,18137,60708,17.6,29752,20861,6,9469,11261,3.3,2099,62644,18.1
2019,Jacksonville,89609,25.7,19001,72391,20.7,25904,17355,5,8865,12626,3.6,3122,43447,12.4
2010,Kansas City,44409,23.5,15276,23724,12.6,21336,10715,5.7,8386,6119,3.2,2846,28208,14.9
2011,Kansas City,43413,22.6,16400,27135,14.1,17450,9165,4.8,8343,5394,2.8,2519,31023,16.2
2012,Kansas City,45852,23.8,16234,30929,16.1,19139,12108,6.3,8246,6089,3.2,2674,31114,16.2
2013,Kansas City,49019,25.4,16538,30652,15.9,19934,12348,6.4,9104,5776,3,2632,30262,15.7
2014,Kansas City,47691,24.4,17385,31122,15.9,22264,10437,5.3,9297,5491,2.8,2936,27510,14.1
2015,Kansas City,53076,26.8,16708,34197,17.3,24403,11771,5.9,8716,6113,3.1,3094,28088,14.2
2016,Kansas City,49145,24.8,17698,31926,16.1,23253,10550,5.3,10222,5974,3,2695,26791,13.5
2017,Kansas City,51464,25.1,17958,30543,14.9,23820,9622,4.7,10676,6190,3,2877,22301,10.9
2018,Kansas City,54860,26.5,18566,32795,15.8,23323,8943,4.3,9258,5134,2.5,2372,22230,10.7
2019,Kansas City,56651,27,17462,43794,20.9,21903,10706,5.1,9489,4831,2.3,3499,23552,11.2
2010,Las Vegas,53291,25.3,16028,37044,17.6,24674,9199,4.4,9297,7555,3.6,5335,23205,11
2011,Las Vegas,55193,26.5,16356,37626,18.1,22735,9223,4.4,8435,10148,4.9,3502,29153,14
2012,Las Vegas,61737,28.5,16883,41971,19.4,25070,9911,4.6,9291,7861,3.6,4117,29598,13.7
2013,Las Vegas,59656,28.5,17077,38813,18.5,25778,9746,4.7,10738,8168,3.9,2904,31057,14.8
2014,Las Vegas,58924,27.7,18002,38426,18.1,24927,9647,4.5,8656,7130,3.4,3633,32302,15.2
2015,Las Vegas,63296,28.7,17715,41952,19,27972,10929,5,10043,9336,4.2,3663,33878,15.4
2016,Las Vegas,68448,30.6,17903,40036,17.9,27148,10321,4.6,9954,5492,2.5,2772,34566,15.4
2017,Las Vegas,65872,28.2,18388,41426,17.7,27930,9703,4.2,10117,5886,2.5,2751,34117,14.6
2018,Las Vegas,67722,28.9,18911,39659,16.9,34809,14073,6,10093,7780,3.3,2362,33984,14.5
2019,Las Vegas,67928,28.8,19179,52669,22.4,30874,10565,4.5,10315,6832,2.9,1749,29579,12.6
2010,Louisville,69547,28.6,15148,43121,17.7,19822,16558,6.8,8232,7713,3.2,3866,39895,16.4
2011,Louisville,71931,30.2,15722,46499,19.5,20589,18151,7.6,8163,7948,3.3,3693,40710,17.1
2012,Louisville,69147,28.2,16106,46294,18.9,19651,18163,7.4,8739,7408,3,3680,44337,18.1
2013,Louisville,74820,30.2,15891,45849,18.5,21969,16005,6.5,8485,7597,3.1,2660,40947,16.5
2014,Louisville,72773,29.8,16934,45586,18.6,22279,18672,7.6,8781,8566,3.5,2899,41654,17
2015,Louisville,78307,31.8,16565,43136,17.5,22625,16944,6.9,9016,7026,2.9,2749,39338,16
2016,Louisville,77239,30.7,17432,47134,18.7,22785,17244,6.8,10044,4763,1.9,2368,31721,12.6
2017,Louisville,77324,31.3,17681,47932,19.4,22951,15413,6.2,9269,3732,1.5,2666,34570,14
2018,Louisville,77432,31.3,17927,48860,19.8,26355,15420,6.2,9230,5462,2.2,2678,31073,12.6
2019,Louisville,81562,32.3,18349,61003,24.1,23606,15353,6.1,9628,4701,1.9,3085,25370,10
2010,Memphis,60754,25.2,14884,34079,14.1,20228,15957,6.6,8129,11683,4.8,2570,64198,26.6
2011,Memphis,60558,24.6,14710,33761,13.7,19795,18432,7.5,9301,10201,4.1,2552,64087,26.1
2012,Memphis,61429,24.8,15099,30833,12.5,21712,18747,7.6,8207,8602,3.5,2346,67020,27.1
2013,Memphis,62434,24.9,15146,33297,13.3,22344,21351,8.5,9891,7659,3.1,2099,66072,26.4
2014,Memphis,66118,26.4,15297,34527,13.8,18248,24510,9.8,9672,6136,2.4,1983,64235,25.6
2015,Memphis,66816,26.7,16226,35355,14.1,21720,20818,8.3,9960,7356,2.9,2747,61756,24.7
2016,Memphis,64409,25.1,16214,33475,13,22253,21091,8.2,10392,5943,2.3,3466,54253,21.1
2017,Memphis,63250,25.7,17364,33717,13.7,23606,21151,8.6,9809,4512,1.8,2464,55107,22.4
2018,Memphis,71953,28.5,16295,34977,13.9,23131,19349,7.7,9243,3486,1.4,2038,52798,20.9
2019,Memphis,75062,29.5,17835,45336,17.8,23449,22726,8.9,9392,5597,2.2,1563,52751,20.7
2010,Mesa,50850,31.3,17365,29580,18.2,20538,6154,3.8,9580,3858,2.4,3324,19961,12.3
2011,Mesa,49437,30.2,18472,32866,20.1,22619,4028,2.5,9516,3722,2.3,2389,19276,11.8
2012,Mesa,53381,31.9,18377,30480,18.2,22274,6632,4,9950,5916,3.5,3949,20324,12.1
2013,Mesa,51165,30.7,18971,31481,18.9,23468,5403,3.2,9954,4923,3,3075,20304,12.2
2014,Mesa,54138,31.8,18955,34770,20.4,23188,5641,3.3,9958,3149,1.9,2445,15778,9.3
2015,Mesa,53068,30.4,19057,34511,19.7,23647,6765,3.9,9908,3538,2,2416,19365,11.1
2016,Mesa,52608,30.3,20406,33928,19.5,24082,7369,4.2,9630,2139,1.2,3526,19203,11
2017,Mesa,53461,30.2,20879,33859,19.1,26250,6234,3.5,9751,1627,0.9,2904,16329,9.2
2018,Mesa,56855,30.6,21403,35538,19.2,24046,7355,4,10538,2019,1.1,2836,16937,9.1
2019,Mesa,61763,33,21198,46344,24.8,24553,6616,3.5,9271,2030,1.1,2379,13326,7.1
2010,Milwaukee,51208,22.4,14138,33585,14.7,16274,20092,8.8,9175,9444,4.1,4308,54990,24
2011,Milwaukee,55226,24,14259,28147,12.2,16684,22985,10,9776,11706,5.1,3964,67310,29.3
2012,Milwaukee,53943,23.4,14928,28373,12.3,17648,25187,10.9,9492,10137,4.4,4693,72797,31.5
2013,Milwaukee,57649,24.9,15044,29733,12.8,19161,20871,9,9826,10140,4.4,3309,73196,31.6
2014,Milwaukee,62416,26.8,15226,29946,12.8,18587,20450,8.8,9276,8647,3.7,3676,69780,29.9
2015,Milwaukee,60167,25.9,15559,29683,12.8,18172,21533,9.3,10007,9472,4.1,3321,68766,29.6
2016,Milwaukee,57420,25.2,15450,27120,11.9,21977,22680,9.9,10197,8013,3.5,3160,67505,29.6
2017,Milwaukee,54485,23.9,16246,28111,12.3,18207,22585,9.9,9952,5837,2.6,2760,55098,24.2
2018,Milwaukee,58621,25.4,16112,28422,12.3,23112,23066,10,10291,6007,2.6,2886,60375,26.1
2019,Milwaukee,57134,24.6,17365,36479,15.7,25724,21323,9.2,10561,6188,2.7,2523,54916,23.7
2010,Nashville,55592,23.1,15230,30010,12.5,18773,10659,4.4,8614,7648,3.2,2672,40830,17
2011,Nashville,54490,22.3,16143,33311,13.6,21127,10162,4.2,8848,8322,3.4,3488,39495,16.2
2012,Nashville,54949,22.1,16598,31875,12.8,18557,11366,4.6,9199,12316,4.9,2994,41820,16.8
2013,Nashville,57628,22.9,16803,33139,13.2,20750,9311,3.7,9256,13702,5.4,3136,37761,15
2014,Nashville,57218,22.2,17815,31502,12.2,21623,11485,4.4,8654,16904,6.5,3432,41974,16.3
2015,Nashville,57462,21.7,18000,35615,13.4,24940,12084,4.6,9883,12220,4.6,2948,39872,15
2016,Nashville,59706,22,18381,34151,12.6,20977,15912,5.9,9455,5626,2.1,2863,32184,11.8
2017,Nashville,61879,22.7,19165,36445,13.3,23286,12165,4.5,10064,4021,1.5,2372,27132,9.9
2018,Nashville,64707,23.7,19214,37787,13.9,23736,10196,3.7,9417,3745,1.4,2702,27012,9.9
2019,Nashville,61584,22,20800,46950,16.8,23924,11217,4,10063,1681,0.6,2207,23279,8.3
2010,Oklahoma City,55620,24.9,16114,37433,16.8,23321,11469,5.1,8404,8349,3.7,2109,32446,14.5
2011,Oklahoma City,54699,24.3,16198,37507,16.7,19494,12664,5.6,8090,8833,3.9,2207,34160,15.2
2012,Oklahoma City,58520,25.6,16364,37096,16.2,20586,13190,5.8,9320,7942,3.5,2130,35642,15.6
2013,Oklahoma City,60317,26,17153,35482,15.3,21564,13946,6,8337,7697,3.3,1833,36852,15.9
2014,Oklahoma City,62572,26.4,17503,37383,15.8,21324,13067,5.5,8289,8060,3.4,1533,34847,14.7
2015,Oklahoma City,61688,25.8,17827,40413,16.9,22991,12352,5.2,8801,9841,4.1,1689,33033,13.8
2016,Oklahoma City,61981,25.7,17183,38662,16,22746,11814,4.9,9035,7479,3.1,1479,33035,13.7
2017,Oklahoma City,60357,25.4,17862,38559,16.2,25014,11582,4.9,8973,6785,2.9,1660,31019,13
2018,Oklahoma City,64642,26.3,18833,38817,15.8,25695,11916,4.8,9567,7003,2.8,1584,27994,11.4
2019,Oklahoma City,60303,24.2,18790,51384,20.6,24342,13205,5.3,9789,7589,3,1766,29593,11.9
2010,Portland,55021,22.5,15655,33050,13.5,22256,8988,3.7,7933,10273,4.2,4559,50493,20.7
2011,Portland,55408,22.1,15647,30582,12.2,25228,10985,4.4,9194,10043,4,3711,49583,19.8
2012,Portland,56732,22.8,16202,34477,13.9,23834,12463,5,8712,12365,5,3572,50648,20.4
2013,Portland,58966,23.3,16780,34393,13.6,23720,12060,4.8,9382,10288,4.1,3882,48492,19.2
2014,Portland,58071,22.6,16776,32666,12.7,25204,12766,5,8767,10014,3.9,3458,49982,19.4
2015,Portland,61628,24.3,17489,33498,13.2,25454,13989,5.5,8767,10327,4.1,2981,49380,19.5
2016,Portland,63079,23.9,18015,37555,14.2,30054,11674,4.4,9553,9241,3.5,2898,44365,16.8
2017,Portland,60481,22.8,18863,34618,13,29018,12185,4.6,9684,10265,3.9,2179,40889,15.4
2018,Portland,65540,24,19176,38575,14.1,31237,11530,4.2,9528,11249,4.1,2746,34355,12.6
2019,Portland,63490,22.7,19749,51361,18.3,29860,12213,4.4,10468,11295,4,2636,30466,10.9
2010,Sacramento,43444,24.7,14151,31229,17.7,27293,17408,9.9,10360,11100,6.3,5411,18756,10.6
2011,Sacramento,40660,23.8,14741,29005,17,31478,16422,9.6,9845,12347,7.2,4849,24197,14.2
2012,Sacramento,42625,24,15466,31024,17.5,32803,16314,9.2,9556,11937,6.7,4712,24003,13.5
2013,Sacramento,42639,24.3,15044,31468,17.9,28956,15373,8.8,10703,12496,7.1,4225,27303,15.6
2014,Sacramento,42262,23.8,16068,29634,16.7,32876,19892,11.2,10383,9891,5.6,5070,24649,13.9
2015,Sacramento,44257,25,16709,32234,18.2,33033,15401,8.7,10291,9747,5.5,4974,25192,14.2
2016,Sacramento,46331,25.3,17507,33632,18.4,33439,17451,9.5,10385,9450,5.2,4288,24482,13.4
2017,Sacramento,45914,24.3,17216,34238,18.1,35513,14001,7.4,10906,7382,3.9,4634,21624,11.4
2018,Sacramento,47257,25.9,16849,33823,18.5,34495,15365,8.4,10430,6050,3.3,4435,20074,11
2019,Sacramento,49823,26,17978,42491,22.1,36504,15098,7.9,10854,8392,4.4,3578,21457,11.2
2010,San Francisco,77008,22.9,15135,39081,11.6,23548,24118,7.2,8758,9266,2.8,5987,14802,4.4
2011,San Francisco,77028,22.5,15428,40763,11.9,26821,26570,7.8,10355,10686,3.1,4869,16033,4.7
2012,San Francisco,77723,22.4,14912,42159,12.2,30004,25278,7.3,10032,9546,2.8,5007,17519,5.1
2013,San Francisco,81862,23.1,15099,41911,11.8,24888,24682,7,8923,9931,2.8,4095,20542,5.8
2014,San Francisco,82769,23.4,16470,40522,11.5,27457,25420,7.2,9301,8630,2.4,5660,15301,4.3
2015,San Francisco,81060,22.7,16564,39290,11,32683,27887,7.8,9636,9111,2.6,4670,19001,5.3
2016,San Francisco,84896,23.7,17084,42957,12,30845,26026,7.3,9100,7267,2,4499,16875,4.7
2017,San Francisco,86357,24,17467,41570,11.5,33994,24846,6.9,9402,6658,1.8,4255,16977,4.7
2018,San Francisco,85478,23.6,18545,44333,12.2,37843,23532,6.5,9620,8979,2.5,4354,16657,4.6
2019,San Francisco,82952,22.7,19109,65243,17.8,33810,25378,6.9,10577,5984,1.6,4282,20147,5.5
2010,Seattle,49970,18,15361,27570,9.9,21901,10366,3.7,8952,9761,3.5,4207,24491,8.8
2011,Seattle,54062,19.1,16218,29774,10.5,30656,11418,4,8202,9817,3.5,3873,31495,11.1
2012,Seattle,57106,19.7,16835,35727,12.3,26263,10810,3.7,8283,9700,3.3,2775,30345,10.5
2013,Seattle,58198,19.5,17291,31526,10.6,28470,10550,3.5,8717,9734,3.3,3002,31080,10.4
2014,Seattle,58771,19.3,17573,34716,11.4,26821,12103,4,9260,6933,2.3,3003,31259,10.3
2015,Seattle,59634,19.2,18859,35573,11.4,28091,13495,4.3,9025,8472,2.7,2319,28584,9.2
2016,Seattle,63715,20,18343,38077,11.9,29936,9728,3,10098,7083,2.2,2482,26866,8.4
2017,Seattle,65350,19.8,19602,36230,11,31813,10219,3.1,9335,7410,2.2,2558,27344,8.3
2018,Seattle,64977,19.2,20355,40324,11.9,30420,10685,3.2,9560,7490,2.2,2750,25289,7.5
2019,Seattle,63220,18.4,20054,52970,15.4,29194,10239,3,8233,7674,2.2,2973,27157,7.9
2010,Tucson,53116,26.3,15109,33305,16.5,19199,10763,5.3,9689,10332,5.1,3785,35390,17.5
2011,Tucson,55534,27.5,15159,34447,17.1,20908,14444,7.2,8985,10939,5.4,3251,39373,19.5
2012,Tucson,54562,26.8,15808,33981,16.7,24741,14601,7.2,8528,7569,3.7,3143,43745,21.5
2013,Tucson,58071,28,15624,33444,16.1,21305,10118,4.9,9209,6254,3,2721,39246,18.9
2014,Tucson,60108,29.4,15558,35293,17.3,22319,11724,5.7,9226,6095,3,2518,39702,19.4
2015,Tucson,58810,28.5,17088,37939,18.4,25587,10907,5.3,9975,5267,2.6,2405,42170,20.4
2016,Tucson,62973,30.4,16981,32297,15.6,22308,12146,5.9,9669,4322,2.1,3476,38011,18.4
2017,Tucson,64090,30.3,17757,38189,18.1,25069,9737,4.6,9920,3749,1.8,1645,37599,17.8
2018,Tucson,65205,31.1,17880,38646,18.5,27853,10867,5.2,10253,4689,2.2,2946,34219,16.3
2019,Tucson,68724,31.5,17761,48068,22.1,22287,11260,5.2,9702,2441,1.1,2740,32059,14.7
2010,Washington,50249,19.9,13504,36622,14.5,35416,13607,5.4,8066,11758,4.7,3771,28656,11.4
2011,Washington,50362,18.7,13831,40197,15,38800,16291,6.1,8062,10065,3.7,3719,38777,14.4
2012,Washington,48663,18.2,14675,38252,14.3,38006,16648,6.2,9096,10456,3.9,4516,40966,15.4
2013,Washington,51304,18.9,14520,39400,14.5,38449,15489,5.7,8964,11339,4.2,3444,42612,15.7
2014,Washington,51785,18.7,14679,38984,14.1,40494,16130,5.8,8688,10131,3.7,3258,39035,14.1
2015,Washington,51719,18.4,15813,38982,13.8,45227,15578,5.5,9834,9372,3.3,2999,43203,15.3
2016,Washington,56288,20,15926,38735,13.8,45565,15192,5.4,9329,11025,3.9,3420,40789,14.5
2017,Washington,56168,20,16271,40663,14.4,40883,15710,5.6,9270,9024,3.2,2655,37115,13.2
2018,Washington,55564,19.3,15505,41289,14.4,43330,14069,4.9,8632,11020,3.8,2818,40353,14
2019,Washington,55443,19,17121,52111,17.9,43601,16468,5.6,8596,8541,2.9,4350,33038,11.3
